product_line,product_family,model_num,region,plant,order_type,month date,qty_actual,average selling price(M),total_est_actual_trade_values(M)
XA,Advanteon-CE IVD,2010260CE,EMEA,B410,Trade Orders,2021-08-01,1,0.086631773,0.086631773
XA,Advanteon-CE IVD,2010260CE,EMEA,B410,Trade Orders,2022-08-01,1,0.086631773,0.086631773
XA,Advanteon-CE IVD,2010261CE,APAC,SG10,Trade Orders,2025-10-01,1,0.0,0.0
XA,Advanteon-CE IVD,2010261CE,EMEA,B410,Trade Orders,2022-11-01,1,0.086631773,0.086631773
XA,Advanteon-CE IVD,2010261CE,EMEA,B410,Trade Orders,2024-02-01,1,0.086631773,0.086631773
XA,Advanteon-CE IVD,2010261CE,EMEA,B410,Trade Orders,2024-03-01,1,0.086631773,0.086631773
XA,Advanteon-CE IVD,2010261CE,EMEA,B410,Trade Orders,2024-10-01,1,0.086631773,0.086631773
XA,Advanteon-CE IVD,2010261CE,EMEA,B410,Trade Orders,2026-04-01,1,0.086631773,0.086631773
XA,Advanteon-CE IVD,2010263CE,EMEA,B410,Trade Orders,2023-03-01,1,0.086631773,0.086631773
XA,Advanteon-IVD,K2602-64000,GCFO,R805,ZC1,2024-08-01,2,0.077606975,
XA,Advanteon-IVD,K2602-64000,GCFO,R805,Trade Orders,2022-10-01,1,0.077606975,0.077606975
XA,Advanteon-IVD,K2602-64000,GCFO,R805,Trade Orders,2022-11-01,1,0.077606975,0.077606975
XA,Advanteon-IVD,K2602-64000,GCFO,R805,Trade Orders,2023-01-01,1,0.077606975,0.077606975
XA,Advanteon-IVD,K2602-64000,GCFO,R805,Trade Orders,2023-07-01,1,0.077606975,0.077606975
XA,Advanteon-IVD,K2602-64000,GCFO,R805,Trade Orders,2023-09-01,1,0.077606975,0.077606975
XA,Advanteon-IVD,K2602-64000,GCFO,R805,Trade Orders,2023-10-01,2,0.077606975,0.15521395
XA,Advanteon-IVD,K2602-64000,GCFO,R805,Trade Orders,2024-02-01,1,0.077606975,0.077606975
XA,Advanteon-IVD,K2602-64000,GCFO,R805,Trade Orders,2024-03-01,1,0.077606975,0.077606975
XA,Advanteon-IVD,K2602-64000,GCFO,R805,Trade Orders,2024-06-01,1,0.077606975,0.077606975
XA,Advanteon-IVD,K2602-64000,GCFO,R805,Trade Orders,2024-11-01,2,0.077606975,0.15521395
XA,Advanteon-IVD,K2602-64000,GCFO,R805,Trade Orders,2025-04-01,1,0.077606975,0.077606975
XA,Advanteon-IVD,K2602-64001,GCFO,R805,ZSD1,2025-08-01,1,0.077606975,
XA,Advanteon-IVD,K2602-64001,GCFO,R805,Trade Orders,2022-11-01,4,0.077606975,0.310427899
XA,Advanteon-IVD,K2602-64001,GCFO,R805,Trade Orders,2023-02-01,4,0.077606975,0.310427899
XA,Advanteon-IVD,K2602-64001,GCFO,R805,Trade Orders,2023-03-01,1,0.077606975,0.077606975
XA,Advanteon-IVD,K2602-64001,GCFO,R805,Trade Orders,2023-04-01,1,0.077606975,0.077606975
XA,Advanteon-IVD,K2602-64001,GCFO,R805,Trade Orders,2023-05-01,1,0.077606975,0.077606975
XA,Advanteon-IVD,K2602-64001,GCFO,R805,Trade Orders,2023-06-01,1,0.077606975,0.077606975
XA,Advanteon-IVD,K2602-64001,GCFO,R805,Trade Orders,2023-07-01,1,0.077606975,0.077606975
XA,Advanteon-IVD,K2602-64001,GCFO,R805,Trade Orders,2023-08-01,2,0.077606975,0.15521395
XA,Advanteon-IVD,K2602-64001,GCFO,R805,Trade Orders,2023-09-01,1,0.077606975,0.077606975
XA,Advanteon-IVD,K2602-64001,GCFO,R805,Trade Orders,2023-10-01,1,0.077606975,0.077606975
XA,Advanteon-IVD,K2602-64001,GCFO,R805,Trade Orders,2023-11-01,1,0.077606975,0.077606975
XA,Advanteon-IVD,K2602-64001,GCFO,R805,Trade Orders,2023-12-01,2,0.077606975,0.15521395
XA,Advanteon-IVD,K2602-64001,GCFO,R805,Trade Orders,2024-02-01,1,0.077606975,0.077606975
XA,Advanteon-IVD,K2602-64001,GCFO,R805,Trade Orders,2024-03-01,1,0.077606975,0.077606975
XA,Advanteon-IVD,K2602-64001,GCFO,R805,Trade Orders,2024-05-01,2,0.077606975,0.15521395
XA,Advanteon-IVD,K2602-64001,GCFO,R805,Trade Orders,2024-07-01,1,0.077606975,0.077606975
XA,Advanteon-IVD,K2602-64001,GCFO,R805,Trade Orders,2024-09-01,1,0.077606975,0.077606975
XA,Advanteon-IVD,K2602-64001,GCFO,R805,Trade Orders,2024-10-01,3,0.077606975,0.232820924
XA,Advanteon-IVD,K2602-64001,GCFO,R805,Trade Orders,2024-11-01,4,0.077606975,0.310427899
XA,Advanteon-IVD,K2602-64001,GCFO,R805,Trade Orders,2024-12-01,2,0.077606975,0.15521395
XA,Advanteon-IVD,K2602-64001,GCFO,R805,Trade Orders,2025-01-01,3,0.077606975,0.232820924
XA,Advanteon-IVD,K2602-64001,GCFO,R805,Trade Orders,2025-02-01,2,0.077606975,0.15521395
XA,Advanteon-IVD,K2602-64001,GCFO,R805,Trade Orders,2025-03-01,3,0.077606975,0.232820924
XA,Advanteon-IVD,K2602-64001,GCFO,R805,Trade Orders,2025-04-01,2,0.077606975,0.15521395
XA,Advanteon-IVD,K2602-64001,GCFO,R805,Trade Orders,2025-05-01,2,0.077606975,0.15521395
XA,Advanteon-IVD,K2602-64001,GCFO,R805,Trade Orders,2025-08-01,2,0.077606975,0.15521395
XA,Advanteon-IVD,K2602-64001,GCFO,R805,Trade Orders,2025-09-01,2,0.077606975,0.15521395
XA,Advanteon-IVD,K2602-64001,GCFO,R805,Trade Orders,2025-10-01,1,0.077606975,0.077606975
XA,Advanteon-IVD,K2602-64001,GCFO,R805,Trade Orders,2025-11-01,2,0.077606975,0.15521395
XA,Advanteon-IVD,K2602-64001,GCFO,R805,Trade Orders,2025-12-01,1,0.077606975,0.077606975
XA,Advanteon-IVD,K2602-64001,GCFO,R805,Trade Orders,2026-03-01,3,0.077606975,0.232820924
XA,Advanteon-IVD,K2602-64001,GCFO,R805,Trade Orders,2026-04-01,1,0.077606975,0.077606975
XA,Advanteon-IVD,K2602-64001,GCFO,R805,Trade Orders,2026-05-01,2,0.077606975,0.15521395
XA,Advanteon-IVD,K2602-64006,GCFO,R805,Trade Orders,2024-04-01,1,0.077606975,0.077606975
XA,Advanteon-RUO,2010119,APAC,AY10,Trade Orders,2025-08-01,1,0.080704964,0.080704964
XA,Advanteon-RUO,2010119,APAC,SG10,Trade Orders,2021-08-01,1,0.080704964,0.080704964
XA,Advanteon-RUO,2010119,EMEA,B410,Trade Orders,2020-10-01,1,0.109179794,0.109179794
XA,Advanteon-RUO,2010119,EMEA,B410,Trade Orders,2021-11-01,1,0.109179794,0.109179794
XA,Advanteon-RUO,2010119,EMEA,B410,Trade Orders,2022-10-01,1,0.109179794,0.109179794
XA,Advanteon-RUO,2010119,EMEA,B410,Trade Orders,2022-12-01,1,0.109179794,0.109179794
XA,Advanteon-RUO,2010123,EMEA,B410,Trade Orders,2024-05-01,1,0.109179794,0.109179794
XA,Advanteon-RUO,2010124,EMEA,B410,Trade Orders,2021-01-01,2,0.109179794,0.218359587
XA,Advanteon-RUO,2010124,EMEA,B410,Trade Orders,2022-08-01,1,0.109179794,0.109179794
XA,Advanteon-RUO,2010126,AFO,2810,Trade Orders,2024-06-01,1,0.108932005,0.108932005
XA,Advanteon-RUO,2010126,AFO,2810,Trade Orders,2024-09-01,1,0.108932005,0.108932005
XA,Advanteon-RUO,2010126,AFO,2810,Trade Orders,2025-04-01,1,0.108932005,0.108932005
XA,Advanteon-RUO,2010126,APAC,SG10,Trade Orders,2021-09-01,1,0.080704964,0.080704964
XA,Advanteon-RUO,2010126,AFO,2810,Trade Orders,2024-09-01,1,0.108932005,0.108932005
XA,Advanteon-RUO,2010126,AFO,2810,Trade Orders,2025-04-01,1,0.108932005,0.108932005
XA,Advanteon-RUO,2010126,APAC,SG10,Trade Orders,2021-09-01,1,0.080704964,0.080704964
XA,Advanteon-RUO,2010126,APAC,SG10,Trade Orders,2023-01-01,1,0.080704964,0.080704964
XA,Advanteon-RUO,2010126,APAC,SG10,Trade Orders,2024-02-01,1,0.080704964,0.080704964
XA,Advanteon-RUO,2010126,EMEA,B410,Trade Orders,2020-09-01,1,0.109179794,0.109179794
XA,Advanteon-RUO,2010126,EMEA,B410,Trade Orders,2021-07-01,1,0.109179794,0.109179794
XA,Advanteon-RUO,2010126,GCFO,SG10,Trade Orders,2026-02-01,1,0.066446395,0.066446395
XA,Advanteon-RUO,2010126S,AFO,2810,Trade Orders,2025-10-01,1,0.108932005,0.108932005
XA,Advanteon-RUO,2010127,AFO,2810,Trade Orders,2022-06-01,1,0.108932005,0.108932005
XA,Advanteon-RUO,2010127,AFO,2810,Trade Orders,2023-05-01,1,0.108932005,0.108932005
XA,Advanteon-RUO,2010127,AFO,2810,Trade Orders,2023-06-01,2,0.108932005,0.217864009
XA,Advanteon-RUO,2010127,APAC,B410,Trade Orders,2023-06-01,1,0.080704964,0.080704964
XA,Advanteon-RUO,2010127,APAC,SG10,Trade Orders,2020-11-01,1,0.080704964,0.080704964
XA,Advanteon-RUO,2010127,APAC,SG10,Trade Orders,2023-08-01,1,0.080704964,0.080704964
XA,Advanteon-RUO,2010127,APAC,SG10,Trade Orders,2023-10-01,1,0.080704964,0.080704964
XA,Advanteon-RUO,2010127,APAC,SG10,Trade Orders,2024-06-01,1,0.080704964,0.080704964
XA,Advanteon-RUO,2010127,APAC,SG10,Trade Orders,2025-09-01,1,0.080704964,0.080704964
XA,Advanteon-RUO,2010127,APAC,SG10,Trade Orders,2025-11-01,1,0.080704964,0.080704964
XA,Advanteon-RUO,2010127,APAC,SG10,Trade Orders,2026-01-01,1,0.080704964,0.080704964
XA,Advanteon-RUO,2010127,EMEA,B410,Trade Orders,2022-01-01,1,0.109179794,0.109179794
XA,Advanteon-RUO,2010127,EMEA,B410,Trade Orders,2023-04-01,1,0.109179794,0.109179794
XA,Advanteon-RUO,2010127,EMEA,B410,Trade Orders,2023-07-01,1,0.109179794,0.109179794
XA,Advanteon-RUO,2010127,EMEA,B410,Trade Orders,2024-05-01,1,0.109179794,0.109179794
XA,Advanteon-RUO,2010127,EMEA,B410,Trade Orders,2025-07-01,1,0.109179794,0.109179794
XA,Advanteon-RUO,2010127,GCFO,R811,Trade Orders,2020-11-01,1,0.066446395,0.066446395
XA,Advanteon-RUO,2010127,GCFO,R811,Trade Orders,2021-10-01,1,0.066446395,0.066446395
XA,Advanteon-RUO,2010127,GCFO,R811,Trade Orders,2021-11-01,1,0.066446395,0.066446395
XA,Advanteon-RUO,2010127,GCFO,R811,Trade Orders,2023-03-01,1,0.066446395,0.066446395
XA,Advanteon-RUO,2010127,GCFO,R811,Trade Orders,2024-11-01,1,0.066446395,0.066446395
XA,Advanteon-RUO,2010127,GCFO,R811,Trade Orders,2024-12-01,1,0.066446395,0.066446395
XA,Advanteon-RUO,2010127,GCFO,R811,Trade Orders,2025-05-01,1,0.066446395,0.066446395
XA,Advanteon-RUO,2010127,GCFO,R811,Trade Orders,2025-11-01,1,0.066446395,0.066446395
XA,Advanteon-RUO,2010127S,AFO,2810,Trade Orders,2024-09-01,1,0.108932005,0.108932005
XA,Advanteon-RUO,2010127S,AFO,2810,Trade Orders,2025-06-01,1,0.108932005,0.108932005
XA,Advanteon-RUO,2010127S,AFO,2810,Trade Orders,2026-02-01,1,0.108932005,0.108932005
XA,Advanteon-RUO,2010127S,APAC,2810,Trade Orders,2024-08-01,1,0.080704964,0.080704964
XA,Advanteon-RUO,2010127S,GCFO,SG10,Trade Orders,2025-05-01,1,0.066446395,0.066446395
XA,Advanteon-RUO,2010130,EMEA,B410,ZSD2,2025-09-01,1,0.109179794,
XA,Advanteon-RUO,2010130,EMEA,B410,Trade Orders,2025-05-01,1,0.109179794,0.109179794
XA,Advanteon-RUO,2010130,GCFO,R811,Trade Orders,2024-06-01,1,0.066446395,0.066446395
XA,Advanteon-RUO,2010132,AFO,2810,Trade Orders,2020-09-01,1,0.108932005,0.108932005
XA,Advanteon-RUO,2010132,AFO,2810,Trade Orders,2020-10-01,1,0.108932005,0.108932005
XA,Advanteon-RUO,2010132,AFO,2810,Trade Orders,2020-11-01,1,0.108932005,0.108932005
XA,Advanteon-RUO,2010132,AFO,2810,Trade Orders,2021-01-01,1,0.108932005,0.108932005
XA,Advanteon-RUO,2010132,AFO,2810,Trade Orders,2021-02-01,1,0.108932005,0.108932005
XA,Advanteon-RUO,2010132,AFO,2810,Trade Orders,2022-01-01,1,0.108932005,0.108932005
XA,Advanteon-RUO,2010132,APAC,AY10,Trade Orders,2021-09-01,1,0.080704964,0.080704964
XA,Advanteon-RUO,2010132,APAC,AY10,Trade Orders,2021-10-01,1,0.080704964,0.080704964
XA,Advanteon-RUO,2010132,APAC,AY10,Trade Orders,2022-07-01,1,0.080704964,0.080704964
XA,Advanteon-RUO,2010132,APAC,AY10,Trade Orders,2022-08-01,1,0.080704964,0.080704964
XA,Advanteon-RUO,2010132,APAC,AY10,Trade Orders,2023-01-01,1,0.080704964,0.080704964
XA,Advanteon-RUO,2010132,APAC,AY10,Trade Orders,2024-05-01,1,0.080704964,0.080704964
XA,Advanteon-RUO,2010132,APAC,AY10,Trade Orders,2024-12-01,1,0.080704964,0.080704964
XA,Advanteon-RUO,2010132,APAC,SG10,ZC1,2025-08-01,1,0.080704964,
XA,Advanteon-RUO,2010132,APAC,SG10,ZC1,2026-05-01,1,0.080704964,
XA,Advanteon-RUO,2010132,APAC,SG10,ZGIO,2023-01-01,1,0.080704964,
XA,Advanteon-RUO,2010132,APAC,SG10,Trade Orders,2021-02-01,1,0.080704964,0.080704964
XA,Advanteon-RUO,2010132,APAC,SG10,Trade Orders,2022-01-01,1,0.080704964,0.080704964
XA,Advanteon-RUO,2010132,APAC,SG10,Trade Orders,2024-08-01,1,0.080704964,0.080704964
XA,Advanteon-RUO,2010132,APAC,SG10,Trade Orders,2024-09-01,1,0.080704964,0.080704964
XA,Advanteon-RUO,2010132,APAC,SG10,Trade Orders,2025-01-01,1,0.080704964,0.080704964
XA,Advanteon-RUO,2010132,APAC,SG10,Trade Orders,2025-04-01,2,0.080704964,0.161409928
XA,Advanteon-RUO,2010132,APAC,SG10,Trade Orders,2026-01-01,1,0.080704964,0.080704964
XA,Advanteon-RUO,2010132,APAC,SG10,Trade Orders,2026-03-01,1,0.080704964,0.080704964
XA,Advanteon-RUO,2010132,EMEA,B410,ZC1,2022-10-01,1,0.109179794,
XA,Advanteon-RUO,2010132,EMEA,B410,ZC1,2023-11-01,1,0.109179794,
XA,Advanteon-RUO,2010132,EMEA,B410,ZC1,2025-11-01,1,0.109179794,
XA,Advanteon-RUO,2010132,EMEA,B410,ZGIO,2021-10-01,1,0.109179794,
XA,Advanteon-RUO,2010132,EMEA,B410,Trade Orders,2021-07-01,1,0.109179794,0.109179794
XA,Advanteon-RUO,2010132,EMEA,B410,Trade Orders,2022-04-01,1,0.109179794,0.109179794
XA,Advanteon-RUO,2010132,EMEA,B410,Trade Orders,2022-06-01,1,0.109179794,0.109179794
XA,Advanteon-RUO,2010132,EMEA,B410,Trade Orders,2022-11-01,1,0.109179794,0.109179794
XA,Advanteon-RUO,2010132,EMEA,B410,Trade Orders,2023-03-01,1,0.109179794,0.109179794
XA,Advanteon-RUO,2010132,EMEA,B410,Trade Orders,2023-08-01,1,0.109179794,0.109179794
XA,Advanteon-RUO,2010132,EMEA,B410,Trade Orders,2023-10-01,1,0.109179794,0.109179794
XA,Advanteon-RUO,2010132,EMEA,B410,Trade Orders,2023-11-01,1,0.109179794,0.109179794
XA,Advanteon-RUO,2010132,EMEA,B410,Trade Orders,2023-12-01,1,0.109179794,0.109179794
XA,Advanteon-RUO,2010132,EMEA,B410,Trade Orders,2024-10-01,1,0.109179794,0.109179794
XA,Advanteon-RUO,2010132,EMEA,B410,Trade Orders,2025-02-01,1,0.109179794,0.109179794
XA,Advanteon-RUO,2010132,EMEA,B410,Trade Orders,2025-05-01,1,0.109179794,0.109179794
XA,Advanteon-RUO,2010132,EMEA,B410,Trade Orders,2025-07-01,1,0.109179794,0.109179794
XA,Advanteon-RUO,2010132,EMEA,B410,Trade Orders,2026-07-01,1,0.109179794,0.109179794
XA,Advanteon-RUO,2010132,GCFO,R811,ZC1,2025-03-01,1,0.066446395,
XA,Advanteon-RUO,2010132,GCFO,R811,ZGIO,2021-11-01,1,0.066446395,
XA,Advanteon-RUO,2010132,GCFO,R811,Trade Orders,2021-07-01,1,0.066446395,0.066446395
XA,Advanteon-RUO,2010132,GCFO,R811,Trade Orders,2022-08-01,1,0.066446395,0.066446395
XA,Advanteon-RUO,2010132,GCFO,R811,Trade Orders,2022-09-01,1,0.066446395,0.066446395
XA,Advanteon-RUO,2010132,GCFO,R811,Trade Orders,2022-11-01,1,0.066446395,0.066446395
XA,Advanteon-RUO,2010132,GCFO,R811,Trade Orders,2022-12-01,1,0.066446395,0.066446395
XA,Advanteon-RUO,2010132,GCFO,R811,Trade Orders,2023-11-01,1,0.066446395,0.066446395
XA,Advanteon-RUO,2010132,GCFO,R811,Trade Orders,2024-02-01,1,0.066446395,0.066446395
XA,Advanteon-RUO,2010132,GCFO,R811,Trade Orders,2025-01-01,1,0.066446395,0.066446395
XA,Advanteon-RUO,2010132,GCFO,R811,Trade Orders,2025-09-01,1,0.066446395,0.066446395
XA,Advanteon-RUO,2010132,GCFO,SG10,Trade Orders,2021-04-01,1,0.066446395,0.066446395
XA,Advanteon-RUO,2010132,GCFO,SG10,Trade Orders,2023-12-01,1,0.066446395,0.066446395
XA,Advanteon-RUO,2010132S,AFO,2810,ZC1,2022-12-01,1,0.108932005,
XA,Advanteon-RUO,2010132S,AFO,2810,ZC1,2024-02-01,2,0.108932005,
XA,Advanteon-RUO,2010132S,AFO,2810,ZC1,2025-11-01,2,0.108932005,
XA,Advanteon-RUO,2010132S,AFO,2810,Trade Orders,2021-03-01,1,0.108932005,0.108932005
XA,Advanteon-RUO,2010132S,AFO,2810,Trade Orders,2021-05-01,1,0.108932005,0.108932005
XA,Advanteon-RUO,2010132S,AFO,2810,Trade Orders,2021-07-01,1,0.108932005,0.108932005
XA,Advanteon-RUO,2010132S,AFO,2810,Trade Orders,2022-02-01,1,0.108932005,0.108932005
XA,Advanteon-RUO,2010132S,AFO,2810,Trade Orders,2022-04-01,1,0.108932005,0.108932005
XA,Advanteon-RUO,2010132S,AFO,2810,Trade Orders,2022-05-01,1,0.108932005,0.108932005
XA,Advanteon-RUO,2010132S,AFO,2810,Trade Orders,2022-11-01,2,0.108932005,0.217864009
XA,Advanteon-RUO,2010132S,AFO,2810,Trade Orders,2022-12-01,1,0.108932005,0.108932005
XA,Advanteon-RUO,2010132S,AFO,2810,Trade Orders,2023-02-01,2,0.108932005,0.217864009
XA,Advanteon-RUO,2010132S,AFO,2810,Trade Orders,2023-07-01,2,0.108932005,0.217864009
XA,Advanteon-RUO,2010132S,AFO,2810,Trade Orders,2023-08-01,2,0.108932005,0.217864009
XA,Advanteon-RUO,2010132S,AFO,2810,Trade Orders,2023-09-01,1,0.108932005,0.108932005
XA,Advanteon-RUO,2010132S,AFO,2810,Trade Orders,2024-01-01,1,0.108932005,0.108932005
XA,Advanteon-RUO,2010132S,AFO,2810,Trade Orders,2024-02-01,2,0.108932005,0.217864009
XA,Advanteon-RUO,2010132S,AFO,2810,Trade Orders,2024-04-01,1,0.108932005,0.108932005
XA,Advanteon-RUO,2010132S,AFO,2810,Trade Orders,2024-09-01,2,0.108932005,0.217864009
XA,Advanteon-RUO,2010132S,AFO,2810,Trade Orders,2024-10-01,150,0.108932005,0.108932005
XA,Advanteon-RUO,2010132S,AFO,2810,Trade Orders,2024-11-01,1,0.108932005,0.108932005
XA,Advanteon-RUO,2010132S,AFO,2810,Trade Orders,2025-01-01,1,0.108932005,0.108932005
XA,Advanteon-RUO,2010132S,AFO,2810,Trade Orders,2025-02-01,1,0.108932005,0.108932005
XA,Advanteon-RUO,2010132S,AFO,2810,Trade Orders,2025-04-01,1,0.108932005,0.108932005
XA,Advanteon-RUO,2010132S,AFO,2810,Trade Orders,2025-11-01,1,0.108932005,0.108932005
XA,Advanteon-RUO,2010132S,AFO,2810,Trade Orders,2026-04-01,1,0.108932005,0.108932005
XA,Advanteon-RUO,2010132S,AFO,SG10,Trade Orders,2025-10-01,1,0.108932005,0.108932005
XA,Advanteon-RUO,2010132S,AFO,SG10,Trade Orders,2026-03-01,1,0.108932005,0.108932005
XA,Advanteon-RUO,2010132S,APAC,SG10,Trade Orders,2024-10-01,1,0.080704964,0.080704964
XA,Advanteon-RUO,2010132S,GCFO,SG10,Trade Orders,2021-08-01,1,0.066446395,0.066446395
XA,Advanteon-RUO,2010132S,GCFO,SG10,Trade Orders,2023-04-01,1,0.066446395,0.066446395
XA,Advanteon-RUO,2010133,AFO,2810,Trade Orders,2020-10-01,1,0.108932005,0.108932005
XA,Advanteon-RUO,2010133,AFO,2810,Trade Orders,2021-01-01,1,0.108932005,0.108932005
XA,Advanteon-RUO,2010133,AFO,2810,Trade Orders,2021-06-01,1,0.108932005,0.108932005
XA,Advanteon-RUO,2010133,AFO,2810,Trade Orders,2021-12-01,2,0.108932005,0.217864009
XA,Advanteon-RUO,2010133,AFO,2810,Trade Orders,2022-01-01,2,0.108932005,0.217864009
XA,Advanteon-RUO,2010133,AFO,2810,Trade Orders,2022-10-01,1,0.108932005,0.108932005
XA,Advanteon-RUO,2010133,AFO,2810,Trade Orders,2022-12-01,1,0.108932005,0.108932005
XA,Advanteon-RUO,2010133,AFO,2810,Trade Orders,2023-01-01,2,0.108932005,0.217864009
XA,Advanteon-RUO,2010133,AFO,2810,Trade Orders,2023-07-01,1,0.108932005,0.108932005
XA,Advanteon-RUO,2010133,AFO,2810,Trade Orders,2023-08-01,1,0.108932005,0.108932005
XA,Advanteon-RUO,2010133,AFO,2810,Trade Orders,2024-02-01,1,0.108932005,0.108932005
XA,Advanteon-RUO,2010133,APAC,AY10,Trade Orders,2021-08-01,1,0.080704964,0.080704964
XA,Advanteon-RUO,2010133,APAC,B410,Trade Orders,2023-11-01,1,0.080704964,0.080704964
XA,Advanteon-RUO,2010133,APAC,SG10,Trade Orders,2022-10-01,1,0.080704964,0.080704964
XA,Advanteon-RUO,2010133,APAC,SG10,Trade Orders,2024-02-01,1,0.080704964,0.080704964
XA,Advanteon-RUO,2010133,EMEA,B410,Trade Orders,2020-09-01,1,0.109179794,0.109179794
XA,Advanteon-RUO,2010133,EMEA,B410,Trade Orders,2021-07-01,1,0.109179794,0.109179794
XA,Advanteon-RUO,2010133,EMEA,B410,Trade Orders,2021-11-01,1,0.109179794,0.109179794
XA,Advanteon-RUO,2010133,EMEA,B410,Trade Orders,2021-12-01,2,0.109179794,0.218359587
XA,Advanteon-RUO,2010133,EMEA,B410,Trade Orders,2022-02-01,1,0.109179794,0.109179794
XA,Advanteon-RUO,2010133,EMEA,B410,Trade Orders,2022-05-01,1,0.109179794,0.109179794
XA,Advanteon-RUO,2010133,EMEA,B410,Trade Orders,2022-06-01,1,0.109179794,0.109179794
XA,Advanteon-RUO,2010133,EMEA,B410,Trade Orders,2022-07-01,1,0.109179794,0.109179794
XA,Advanteon-RUO,2010133,EMEA,B410,Trade Orders,2022-09-01,1,0.109179794,0.109179794
XA,Advanteon-RUO,2010133,EMEA,B410,Trade Orders,2022-11-01,2,0.109179794,0.218359587
XA,Advanteon-RUO,2010133,EMEA,B410,Trade Orders,2022-12-01,1,0.109179794,0.109179794
XA,Advanteon-RUO,2010133,EMEA,B410,Trade Orders,2023-04-01,1,0.109179794,0.109179794
XA,Advanteon-RUO,2010133,EMEA,B410,Trade Orders,2023-07-01,1,0.109179794,0.109179794
XA,Advanteon-RUO,2010133,EMEA,B410,Trade Orders,2023-09-01,2,0.109179794,0.218359587
XA,Advanteon-RUO,2010133,EMEA,B410,Trade Orders,2023-10-01,1,0.109179794,0.109179794
XA,Advanteon-RUO,2010133,EMEA,B410,Trade Orders,2023-11-01,1,0.109179794,0.109179794
XA,Advanteon-RUO,2010133,EMEA,B410,Trade Orders,2024-04-01,1,0.109179794,0.109179794
XA,Advanteon-RUO,2010133,EMEA,B410,Trade Orders,2024-05-01,1,0.109179794,0.109179794
XA,Advanteon-RUO,2010133,EMEA,B410,Trade Orders,2024-06-01,1,0.109179794,0.109179794
XA,Advanteon-RUO,2010133,EMEA,B410,Trade Orders,2025-09-01,2,0.109179794,0.218359587
XA,Advanteon-RUO,2010133,EMEA,B410,Trade Orders,2025-11-01,1,0.109179794,0.109179794
XA,Advanteon-RUO,2010133,EMEA,B410,Trade Orders,2025-12-01,1,0.109179794,0.109179794
XA,Advanteon-RUO,2010133,GCFO,R811,ZC1,2024-04-01,1,0.066446395,
XA,Advanteon-RUO,2010133,GCFO,R811,ZC1,2024-10-01,1,0.066446395,
XA,Advanteon-RUO,2010133,GCFO,R811,Trade Orders,2020-11-01,4,0.066446395,0.265785581
XA,Advanteon-RUO,2010133,GCFO,R811,Trade Orders,2021-05-01,3,0.066446395,0.199339186
XA,Advanteon-RUO,2010133,GCFO,R811,Trade Orders,2021-09-01,1,0.066446395,0.066446395
XA,Advanteon-RUO,2010133,GCFO,R811,Trade Orders,2021-10-01,2,0.066446395,0.13289279
XA,Advanteon-RUO,2010133,GCFO,R811,Trade Orders,2021-11-01,1,0.066446395,0.066446395
XA,Advanteon-RUO,2010133,GCFO,R811,Trade Orders,2022-01-01,1,0.066446395,0.066446395
XA,Advanteon-RUO,2010133,GCFO,R811,Trade Orders,2022-02-01,1,0.066446395,0.066446395
XA,Advanteon-RUO,2010133,GCFO,R811,Trade Orders,2022-03-01,3,0.066446395,0.199339186
XA,Advanteon-RUO,2010133,GCFO,R811,Trade Orders,2022-05-01,1,0.066446395,0.066446395
XA,Advanteon-RUO,2010133,GCFO,R811,Trade Orders,2022-06-01,2,0.066446395,0.13289279
XA,Advanteon-RUO,2010133,GCFO,R811,Trade Orders,2022-07-01,2,0.066446395,0.13289279
XA,Advanteon-RUO,2010133,GCFO,R811,Trade Orders,2022-08-01,4,0.066446395,0.265785581
XA,Advanteon-RUO,2010133,GCFO,R811,Trade Orders,2022-09-01,10,0.066446395,0.664463952
XA,Advanteon-RUO,2010133,GCFO,R811,Trade Orders,2022-10-01,5,0.066446395,0.332231976
XA,Advanteon-RUO,2010133,GCFO,R811,Trade Orders,2022-11-01,2,0.066446395,0.13289279
XA,Advanteon-RUO,2010133,GCFO,R811,Trade Orders,2022-12-01,1,0.066446395,0.066446395
XA,Advanteon-RUO,2010133,GCFO,R811,Trade Orders,2023-01-01,1,0.066446395,0.066446395
XA,Advanteon-RUO,2010133,GCFO,R811,Trade Orders,2023-02-01,3,0.066446395,0.199339186
XA,Advanteon-RUO,2010133,GCFO,R811,Trade Orders,2023-03-01,8,0.066446395,0.531571162
XA,Advanteon-RUO,2010133,GCFO,R811,Trade Orders,2023-04-01,1,0.066446395,0.066446395
XA,Advanteon-RUO,2010133,GCFO,R811,Trade Orders,2023-05-01,4,0.066446395,0.265785581
XA,Advanteon-RUO,2010133,GCFO,R811,Trade Orders,2023-06-01,4,0.066446395,0.265785581
XA,Advanteon-RUO,2010133,GCFO,R811,Trade Orders,2023-07-01,2,0.066446395,0.13289279
XA,Advanteon-RUO,2010133,GCFO,R811,Trade Orders,2023-08-01,6,0.066446395,0.398678371
XA,Advanteon-RUO,2010133,GCFO,R811,Trade Orders,2023-09-01,2,0.066446395,0.13289279
XA,Advanteon-RUO,2010133,GCFO,R811,Trade Orders,2023-10-01,3,0.066446395,0.199339186
XA,Advanteon-RUO,2010133,GCFO,R811,Trade Orders,2023-11-01,2,0.066446395,0.13289279
XA,Advanteon-RUO,2010133,GCFO,R811,Trade Orders,2023-12-01,1,0.066446395,0.066446395
XA,Advanteon-RUO,2010133,GCFO,R811,Trade Orders,2024-01-01,1,0.066446395,0.066446395
XA,Advanteon-RUO,2010133,GCFO,R811,Trade Orders,2024-02-01,1,0.066446395,0.066446395
XA,Advanteon-RUO,2010133,GCFO,R811,Trade Orders,2024-03-01,1,0.066446395,0.066446395
XA,Advanteon-RUO,2010133,GCFO,R811,Trade Orders,2024-04-01,2,0.066446395,0.13289279
XA,Advanteon-RUO,2010133,GCFO,R811,Trade Orders,2024-06-01,1,0.066446395,0.066446395
XA,Advanteon-RUO,2010133,GCFO,R811,Trade Orders,2024-07-01,2,0.066446395,0.13289279
XA,Advanteon-RUO,2010133,GCFO,R811,Trade Orders,2024-08-01,3,0.066446395,0.199339186
XA,Advanteon-RUO,2010133,GCFO,R811,Trade Orders,2024-10-01,1,0.066446395,0.066446395
XA,Advanteon-RUO,2010133,GCFO,R811,Trade Orders,2024-11-01,1,0.066446395,0.066446395
XA,Advanteon-RUO,2010133,GCFO,R811,Trade Orders,2024-12-01,1,0.066446395,0.066446395
XA,Advanteon-RUO,2010133,GCFO,R811,Trade Orders,2025-01-01,1,0.066446395,0.066446395
XA,Advanteon-RUO,2010133,GCFO,R811,Trade Orders,2025-02-01,1,0.066446395,0.066446395
XA,Advanteon-RUO,2010133,GCFO,R811,Trade Orders,2025-03-01,3,0.066446395,0.199339186
XA,Advanteon-RUO,2010133,GCFO,R811,Trade Orders,2025-04-01,2,0.066446395,0.13289279
XA,Advanteon-RUO,2010133,GCFO,R811,Trade Orders,2025-05-01,2,0.066446395,0.13289279
XA,Advanteon-RUO,2010133,GCFO,R811,Trade Orders,2025-07-01,3,0.066446395,0.199339186
XA,Advanteon-RUO,2010133,GCFO,R811,Trade Orders,2025-08-01,2,0.066446395,0.13289279
XA,Advanteon-RUO,2010133,GCFO,R811,Trade Orders,2025-09-01,4,0.066446395,0.265785581
XA,Advanteon-RUO,2010133,GCFO,R811,Trade Orders,2025-11-01,4,0.066446395,0.265785581
XA,Advanteon-RUO,2010133,GCFO,R811,Trade Orders,2025-12-01,5,0.066446395,0.332231976
XA,Advanteon-RUO,2010133,GCFO,R811,Trade Orders,2026-01-01,2,0.066446395,0.13289279
XA,Advanteon-RUO,2010133,GCFO,R811,Trade Orders,2026-03-01,1,0.066446395,0.066446395
XA,Advanteon-RUO,2010133,GCFO,R811,Trade Orders,2026-04-01,1,0.066446395,0.066446395
XA,Advanteon-RUO,2010133,GCFO,R811,Trade Orders,2026-05-01,3,0.066446395,0.199339186
XA,Advanteon-RUO,2010133,GCFO,R811,Trade Orders,2026-06-01,1,0.066446395,0.066446395
XA,Advanteon-RUO,2010133,GCFO,SG10,Trade Orders,2022-01-01,2,0.066446395,0.13289279
XA,Advanteon-RUO,2010133,GCFO,SG10,Trade Orders,2022-04-01,1,0.066446395,0.066446395
XA,Advanteon-RUO,2010133,GCFO,SG10,Trade Orders,2022-05-01,2,0.066446395,0.13289279
XA,Advanteon-RUO,2010133,GCFO,SG10,Trade Orders,2022-06-01,3,0.066446395,0.199339186
XA,Advanteon-RUO,2010133,GCFO,SG10,Trade Orders,2026-02-01,1,0.066446395,0.066446395
XA,Advanteon-RUO,2010133,GCFO,SG10,Trade Orders,2026-03-01,1,0.066446395,0.066446395
XA,Advanteon-RUO,2010133,GCFO,SG10,Trade Orders,2026-04-01,1,0.066446395,0.066446395
XA,Advanteon-RUO,2010133S,AFO,2810,Trade Orders,2024-02-01,1,0.108932005,0.108932005
XA,Advanteon-RUO,2010133S,AFO,2810,Trade Orders,2025-10-01,1,0.108932005,0.108932005
XA,Advanteon-RUO,2010133S,AFO,2810,Trade Orders,2026-01-01,1,0.108932005,0.108932005
XA,Advanteon-RUO,2010133S,AFO,2810,Trade Orders,2026-03-01,1,0.108932005,0.108932005
XA,Advanteon-RUO,2010133S,AFO,2810,Trade Orders,2026-04-01,1,0.108932005,0.108932005
XA,Advanteon-RUO,2010133S,APAC,SG10,Trade Orders,2024-05-01,1,0.080704964,0.080704964
XA,Advanteon-RUO,2010133S,GCFO,SG10,ZSD1,2024-05-01,1,0.066446395,
XA,Advanteon-RUO,2010133S,GCFO,SG10,Trade Orders,2024-03-01,1,0.066446395,0.066446395
XA,Advanteon-RUO,2010133S,GCFO,SG10,Trade Orders,2024-04-01,1,0.066446395,0.066446395
XA,Advanteon-RUO,2010133S,GCFO,SG10,Trade Orders,2024-07-01,1,0.066446395,0.066446395
XA,Advanteon-RUO,2010133S,GCFO,SG10,Trade Orders,2024-09-01,1,0.066446395,0.066446395
XA,Advanteon-RUO,2010133S,GCFO,SG10,Trade Orders,2025-03-01,2,0.066446395,0.13289279
XA,Advanteon-RUO,2010133S,GCFO,SG10,Trade Orders,2025-04-01,2,0.066446395,0.13289279
XA,Advanteon-RUO,2010133S,GCFO,SG10,Trade Orders,2025-06-01,1,0.066446395,0.066446395
XA,Advanteon-RUO,2010133S,GCFO,SG10,Trade Orders,2025-08-01,2,0.066446395,0.13289279
XA,Advanteon-RUO,2010133S,GCFO,SG10,Trade Orders,2025-11-01,1,0.066446395,0.066446395
XA,Advanteon-RUO,2010133S,GCFO,SG10,Trade Orders,2026-03-01,2,0.066446395,0.13289279
XA,Advanteon-RUO,2010133S,GCFO,SG10,Trade Orders,2026-04-01,1,0.066446395,0.066446395
XA,Advanteon-RUO,2010135,EMEA,B410,Trade Orders,2021-12-01,1,0.109179794,0.109179794
XA,Advanteon-RUO,2010135,GCFO,R811,Trade Orders,2021-07-01,1,0.066446395,0.066446395
XA,Advanteon-RUO,2010135S,AFO,2810,ZSD1,2022-04-01,1,0.108932005,
XA,Advanteon-RUO,2010135S,AFO,2810,Trade Orders,2021-04-01,1,0.108932005,0.108932005
XA,Advanteon-RUO,2010135S,AFO,2810,Trade Orders,2022-03-01,1,0.108932005,0.108932005
XA,Advanteon-RUO,2010135S,AFO,2810,Trade Orders,2024-04-01,1,0.108932005,0.108932005
XA,Advanteon-RUO,2010135S,AFO,2810,Trade Orders,2025-05-01,1,0.108932005,0.108932005
XA,Advanteon-RUO,2010135S,GCFO,SG10,Trade Orders,2023-05-01,1,0.066446395,0.066446395
XA,Advanteon-RUO,2010135S,GCFO,SG10,Trade Orders,2024-12-01,1,0.066446395,0.066446395
XA,Advanteon-RUO,2010136,AFO,2810,Trade Orders,2023-04-01,1,0.108932005,0.108932005
XA,Advanteon-RUO,2010136,EMEA,B410,Trade Orders,2022-01-01,1,0.109179794,0.109179794
XA,Advanteon-RUO,2010138,AFO,2810,Trade Orders,2023-08-01,1,0.108932005,0.108932005
XA,Advanteon-RUO,2010138,AFO,2810,Trade Orders,2023-09-01,1,0.108932005,0.108932005
XA,Advanteon-RUO,2010138,AFO,2810,Trade Orders,2023-12-01,1,0.108932005,0.108932005
XA,Advanteon-RUO,2010138,AFO,2810,Trade Orders,2024-11-01,1,0.108932005,0.108932005
XA,Advanteon-RUO,2010139,APAC,SG10,Trade Orders,2022-09-01,1,0.080704964,0.080704964
XA,Advanteon-RUO,2010139,EMEA,B410,ZSD2,2026-03-01,1,0.109179794,
XA,Advanteon-RUO,2010139,GCFO,R811,ZGIO,2022-10-01,1,0.066446395,
XA,Advanteon-RUO,2010139,GCFO,R811,Trade Orders,2026-01-01,1,0.066446395,0.066446395
XA,Advanteon-RUO,2010240,APAC,SG10,Trade Orders,2024-05-01,1,0.080704964,0.080704964
XA,Advanteon-RUO,2010242,EMEA,B410,Trade Orders,2023-11-01,1,0.109179794,0.109179794
XA,Advanteon-RUO,2010243,AFO,2810,Trade Orders,2022-06-01,1,0.108932005,0.108932005
XA,Advanteon-RUO,2010243,APAC,AY10,Trade Orders,2021-12-01,1,0.080704964,0.080704964
XA,Advanteon-RUO,2010243,APAC,SG10,Trade Orders,2022-05-01,1,0.080704964,0.080704964
XA,Advanteon-RUO,2010243,APAC,SG10,Trade Orders,2022-09-01,1,0.080704964,0.080704964
XA,Advanteon-RUO,2010243,APAC,SG10,Trade Orders,2023-04-01,1,0.080704964,0.080704964
XA,Advanteon-RUO,2010243,APAC,SG10,Trade Orders,2023-11-01,1,0.080704964,0.080704964
XA,Advanteon-RUO,2010243,APAC,SG10,Trade Orders,2025-05-01,1,0.080704964,0.080704964
XA,Advanteon-RUO,2010243,GCFO,SG10,Trade Orders,2024-06-01,1,0.066446395,0.066446395
XA,Advanteon-RUO,2010244,APAC,SG10,Trade Orders,2023-01-01,1,0.080704964,0.080704964
XA,Advanteon-RUO,2010245,GCFO,R811,Trade Orders,2021-05-01,1,0.066446395,0.066446395
XA,Advanteon-RUO,2010245,GCFO,R811,Trade Orders,2021-10-01,1,0.066446395,0.066446395
XA,Advanteon-RUO,2010245,GCFO,R811,Trade Orders,2021-11-01,1,0.066446395,0.066446395
XA,Advanteon-RUO,2010245,GCFO,R811,Trade Orders,2022-01-01,1,0.066446395,0.066446395
XA,Advanteon-RUO,2010245,GCFO,R811,Trade Orders,2022-07-01,2,0.066446395,0.13289279
XA,Advanteon-RUO,2010245,GCFO,R811,Trade Orders,2022-09-01,5,0.066446395,0.332231976
XA,Advanteon-RUO,2010245,GCFO,R811,Trade Orders,2022-10-01,1,0.066446395,0.066446395
XA,Advanteon-RUO,2010245,GCFO,R811,Trade Orders,2023-02-01,1,0.066446395,0.066446395
XA,Advanteon-RUO,2010245,GCFO,R811,Trade Orders,2023-03-01,1,0.066446395,0.066446395
XA,Advanteon-RUO,2010245,GCFO,R811,Trade Orders,2023-06-01,1,0.066446395,0.066446395
XA,Advanteon-RUO,2010245,GCFO,SG10,Trade Orders,2022-05-01,1,0.066446395,0.066446395
XA,Advanteon-RUO,2010245S,AFO,2810,Trade Orders,2024-03-01,1,0.108932005,0.108932005
XA,Advanteon-RUO,2010246,AFO,2810,Trade Orders,2024-04-01,1,0.108932005,0.108932005
XA,Advanteon-RUO,2010248,APAC,SG10,Trade Orders,2023-09-01,1,0.080704964,0.080704964
XA,Advanteon-RUO,2010248,APAC,SG10,Trade Orders,2024-01-01,1,0.080704964,0.080704964
XA,Advanteon-RUO,2010248,APAC,SG10,Trade Orders,2024-05-01,1,0.080704964,0.080704964
XA,Advanteon-RUO,2010249,EMEA,B410,Trade Orders,2022-01-01,1,0.109179794,0.109179794
XA,Advanteon-RUO,2010249,EMEA,B410,Trade Orders,2023-07-01,2,0.109179794,0.218359587
XA,Advanteon-RUO,2010249,EMEA,B410,Trade Orders,2025-09-01,2,0.109179794,0.218359587
XA,Advanteon-RUO,2010249,GCFO,R811,Trade Orders,2021-08-01,1,0.066446395,0.066446395
XA,Advanteon-RUO,2010249,GCFO,R811,Trade Orders,2022-01-01,1,0.066446395,0.066446395
XA,Advanteon-RUO,2010249,GCFO,R811,Trade Orders,2022-06-01,1,0.066446395,0.066446395
XA,Advanteon-RUO,2010249,GCFO,R811,Trade Orders,2024-01-01,1,0.066446395,0.066446395
XA,Advanteon-RUO,2010251,APAC,SG10,ZSD2,2023-06-01,1,0.080704964,
XA,Advanteon-RUO,2010251,APAC,SG10,Trade Orders,2023-01-01,1,0.080704964,0.080704964
XA,Cardio,6416993001,AFO,2810,ZC1,2024-02-01,1,0.040657295,
XA,Cardio,6416993001,EMEA,B410,Trade Orders,2023-10-01,1,0.040657295,0.040657295
XA,Cardio,6416993001,GCFO,R811,Trade Orders,2024-10-01,1,0.040657295,0.040657295
XA,Cardio,6417019001,AFO,2810,ZC1,2024-02-01,1,0.040657295,
XA,Cardio,6417019001,AFO,2810,Trade Orders,2026-03-01,1,0.040657295,0.040657295
XA,Cardio,6417019001,EMEA,B410,Trade Orders,2023-10-01,1,0.040657295,0.040657295
XA,Cardio,6417019001,GCFO,R811,Trade Orders,2024-10-01,1,0.040657295,0.040657295
XA,CardioECR,380601180,AFO,2810,ZC1,2023-08-01,1,0.04953475,
XA,CardioECR,380601180,AFO,2810,ZC1,2024-08-01,1,0.04953475,
XA,CardioECR,380601180,AFO,2810,ZC1,2025-08-01,1,0.04953475,
XA,CardioECR,380601180,AFO,2810,ZC1,2025-09-01,1,0.04953475,
XA,CardioECR,380601180,AFO,2810,Trade Orders,2022-02-01,1,0.04953475,0.04953475
XA,CardioECR,380601180,AFO,2810,Trade Orders,2022-12-01,1,0.04953475,0.04953475
XA,CardioECR,380601180,AFO,2810,Trade Orders,2023-03-01,1,0.04953475,0.04953475
XA,CardioECR,380601180,AFO,2810,Trade Orders,2024-05-01,2,0.04953475,0.0990695
XA,CardioECR,380601180,AFO,2810,Trade Orders,2025-07-01,1,0.04953475,0.04953475
XA,CardioECR,380601180,AFO,2810,Trade Orders,2025-09-01,1,0.04953475,0.04953475
XA,CardioECR,380601180,AFO,2810,Trade Orders,2025-11-01,1,0.04953475,0.04953475
XA,CardioECR,380601180,APAC,AY10,Trade Orders,2021-02-01,1,0.036323315,0.036323315
XA,CardioECR,380601180,APAC,SG10,ZC1,2021-11-01,1,0.036323315,
XA,CardioECR,380601180,APAC,SG10,ZC1,2022-05-01,3,0.036323315,
XA,CardioECR,380601180,APAC,SG10,ZC1,2023-01-01,1,0.036323315,
XA,CardioECR,380601180,APAC,SG10,Trade Orders,2020-12-01,1,0.036323315,0.036323315
XA,CardioECR,380601180,APAC,SG10,Trade Orders,2023-11-01,1,0.036323315,0.036323315
XA,CardioECR,380601180,APAC,SG10,Trade Orders,2024-08-01,1,0.036323315,0.036323315
XA,CardioECR,380601180,EMEA,B410,ZC1,2022-12-01,1,0.048032145,
XA,CardioECR,380601180,EMEA,B410,ZC1,2024-10-01,1,0.048032145,
XA,CardioECR,380601180,EMEA,B410,Trade Orders,2021-06-01,1,0.048032145,0.048032145
XA,CardioECR,380601180,EMEA,B410,Trade Orders,2021-08-01,1,0.048032145,0.048032145
XA,CardioECR,380601180,EMEA,B410,Trade Orders,2021-11-01,1,0.048032145,0.048032145
XA,CardioECR,380601180,EMEA,B410,Trade Orders,2022-02-01,1,0.048032145,0.048032145
XA,CardioECR,380601180,EMEA,B410,Trade Orders,2024-06-01,1,0.048032145,0.048032145
XA,CardioECR,380601180,EMEA,B410,Trade Orders,2026-02-01,1,0.048032145,0.048032145
XA,CardioECR,380601180,GCFO,R811,Trade Orders,2020-10-01,1,0.055439788,0.055439788
XA,CardioECR,380601180,GCFO,R811,Trade Orders,2023-02-01,1,0.055439788,0.055439788
XA,CardioECR,380601180,GCFO,R811,Trade Orders,2024-09-01,1,0.055439788,0.055439788
XA,CardioECR,380601190,AFO,2810,ZC1,2023-08-01,1,0.04953475,
XA,CardioECR,380601190,AFO,2810,ZC1,2024-08-01,1,0.04953475,
XA,CardioECR,380601190,AFO,2810,ZC1,2025-08-01,1,0.04953475,
XA,CardioECR,380601190,AFO,2810,ZC1,2025-09-01,1,0.04953475,
XA,CardioECR,380601190,AFO,2810,Trade Orders,2022-02-01,1,0.04953475,0.04953475
XA,CardioECR,380601190,AFO,2810,Trade Orders,2022-12-01,1,0.04953475,0.04953475
XA,CardioECR,380601190,AFO,2810,Trade Orders,2023-03-01,1,0.04953475,0.04953475
XA,CardioECR,380601190,AFO,2810,Trade Orders,2024-05-01,2,0.04953475,0.0990695
XA,CardioECR,380601190,AFO,2810,Trade Orders,2025-07-01,1,0.04953475,0.04953475
XA,CardioECR,380601190,AFO,2810,Trade Orders,2025-09-01,1,0.04953475,0.04953475
XA,CardioECR,380601190,AFO,2810,Trade Orders,2025-11-01,1,0.04953475,0.04953475
XA,CardioECR,380601190,APAC,AY10,ZSD1,2021-03-01,1,0.036323315,
XA,CardioECR,380601190,APAC,AY10,Trade Orders,2021-02-01,1,0.036323315,0.036323315
XA,CardioECR,380601190,APAC,AY10,Trade Orders,2022-05-01,1,0.036323315,0.036323315
XA,CardioECR,380601190,APAC,SG10,ZC1,2021-11-01,1,0.036323315,
XA,CardioECR,380601190,APAC,SG10,ZC1,2022-05-01,3,0.036323315,
XA,CardioECR,380601190,APAC,SG10,ZC1,2023-01-01,1,0.036323315,
XA,CardioECR,380601190,APAC,SG10,Trade Orders,2020-12-01,1,0.036323315,0.036323315
XA,CardioECR,380601190,APAC,SG10,Trade Orders,2023-11-01,1,0.036323315,0.036323315
XA,CardioECR,380601190,APAC,SG10,Trade Orders,2024-08-01,1,0.036323315,0.036323315
XA,CardioECR,380601190,EMEA,B410,ZC1,2022-12-01,1,0.048032145,
XA,CardioECR,380601190,EMEA,B410,ZC1,2024-10-01,1,0.048032145,
XA,CardioECR,380601190,EMEA,B410,Trade Orders,2021-06-01,1,0.048032145,0.048032145
XA,CardioECR,380601190,EMEA,B410,Trade Orders,2021-08-01,1,0.048032145,0.048032145
XA,CardioECR,380601190,EMEA,B410,Trade Orders,2021-11-01,1,0.048032145,0.048032145
XA,CardioECR,380601190,EMEA,B410,Trade Orders,2022-02-01,1,0.048032145,0.048032145
XA,CardioECR,380601190,EMEA,B410,Trade Orders,2024-06-01,1,0.048032145,0.048032145
XA,CardioECR,380601190,EMEA,B410,Trade Orders,2026-02-01,1,0.048032145,0.048032145
XA,CardioECR,380601190,GCFO,R811,Trade Orders,2020-10-01,1,0.055439788,0.055439788
XA,CardioECR,380601190,GCFO,R811,Trade Orders,2023-02-01,1,0.055439788,0.055439788
XA,CardioECR,380601190,GCFO,R811,Trade Orders,2024-08-01,1,0.055439788,0.055439788
XA,DP,380601320,GCFO,R811,Trade Orders,2020-11-01,2,0.047771068,0.095542136
XA,DP,380601320,GCFO,R811,Trade Orders,2021-08-01,1,0.047771068,0.047771068
XA,DP,380601320,GCFO,R811,Trade Orders,2021-11-01,1,0.047771068,0.047771068
XA,DP,380601320,GCFO,R811,Trade Orders,2022-02-01,1,0.047771068,0.047771068
XA,DP,380601320,GCFO,R811,Trade Orders,2022-05-01,2,0.047771068,0.095542136
XA,DP,380601320,GCFO,R811,Trade Orders,2022-09-01,2,0.047771068,0.095542136
XA,DP,380601320,GCFO,R811,Trade Orders,2022-11-01,2,0.047771068,0.095542136
XA,DP,380601320,GCFO,R811,Trade Orders,2023-02-01,1,0.047771068,0.047771068
XA,DP,380601320,GCFO,R811,Trade Orders,2023-04-01,1,0.047771068,0.047771068
XA,DP,380601320,GCFO,R811,Trade Orders,2023-12-01,1,0.047771068,0.047771068
XA,DP,380601320,GCFO,R811,Trade Orders,2024-04-01,1,0.047771068,0.047771068
XA,DP,380601320S,GCFO,SG10,Trade Orders,2020-11-01,7,0.047771068,0.334397476
XA,DP,380601320S,GCFO,SG10,Trade Orders,2021-01-01,1,0.047771068,0.047771068
XA,DP,380601320S,GCFO,SG10,Trade Orders,2021-05-01,1,0.047771068,0.047771068
XA,DP,380601320S,GCFO,SG10,Trade Orders,2021-10-01,1,0.047771068,0.047771068
XA,DP,380601320S,GCFO,SG10,Trade Orders,2022-02-01,1,0.047771068,0.047771068
XA,DP,380601320S,GCFO,SG10,Trade Orders,2022-03-01,3,0.047771068,0.143313204
XA,DP,380601320S,GCFO,SG10,Trade Orders,2022-06-01,1,0.047771068,0.047771068
XA,DP,380601320S,GCFO,SG10,Trade Orders,2022-09-01,1,0.047771068,0.047771068
XA,DP,380601320S,GCFO,SG10,Trade Orders,2022-10-01,1,0.047771068,0.047771068
XA,DP,380601320S,GCFO,SG10,Trade Orders,2023-01-01,1,0.047771068,0.047771068
XA,DP,380601320S,GCFO,SG10,Trade Orders,2023-02-01,1,0.047771068,0.047771068
XA,DP,380601320S,GCFO,SG10,Trade Orders,2023-03-01,1,0.047771068,0.047771068
XA,DP,380601320S,GCFO,SG10,Trade Orders,2024-01-01,1,0.047771068,0.047771068
XA,DP,380601320S,GCFO,SG10,Trade Orders,2025-10-01,1,0.047771068,0.047771068
XA,DP,380601320S,GCFO,SG10,Trade Orders,2025-11-01,1,0.047771068,0.047771068
XA,DP,380601340,GCFO,R811,Trade Orders,2021-03-01,1,0.047771068,0.047771068
XA,DP,380601340,GCFO,R811,Trade Orders,2021-10-01,2,0.047771068,0.095542136
XA,DP,380601340,GCFO,R811,Trade Orders,2021-11-01,2,0.047771068,0.095542136
XA,DP,380601340,GCFO,R811,Trade Orders,2021-12-01,1,0.047771068,0.047771068
XA,DP,380601340,GCFO,R811,Trade Orders,2022-09-01,1,0.047771068,0.047771068
XA,DP,380601340,GCFO,R811,Trade Orders,2022-12-01,1,0.047771068,0.047771068
XA,DP,380601340,GCFO,R811,Trade Orders,2023-02-01,1,0.047771068,0.047771068
XA,DP,380601340,GCFO,R811,Trade Orders,2023-03-01,1,0.047771068,0.047771068
XA,DP,380601340,GCFO,R811,Trade Orders,2023-06-01,1,0.047771068,0.047771068
XA,DP,380601340,GCFO,R811,Trade Orders,2023-12-01,1,0.047771068,0.047771068
XA,DP,380601340,GCFO,R811,Trade Orders,2024-02-01,1,0.047771068,0.047771068
XA,DP,380601340,GCFO,R811,Trade Orders,2024-07-01,1,0.047771068,0.047771068
XA,DP,380601340,GCFO,R811,Trade Orders,2024-09-01,1,0.047771068,0.047771068
XA,DP,380601340,GCFO,R811,Trade Orders,2024-10-01,1,0.047771068,0.047771068
XA,DP,380601340,GCFO,R811,Trade Orders,2025-12-01,1,0.047771068,0.047771068
XA,DP,380601340,GCFO,R811,Trade Orders,2026-04-01,1,0.047771068,0.047771068
XA,DP,380601340S,GCFO,SG10,Trade Orders,2020-11-01,1,0.047771068,0.047771068
XA,DP,380601340S,GCFO,SG10,Trade Orders,2021-06-01,1,0.047771068,0.047771068
XA,DP,380601340S,GCFO,SG10,Trade Orders,2023-02-01,1,0.047771068,0.047771068
XA,DP,380601340S,GCFO,SG10,Trade Orders,2023-03-01,1,0.047771068,0.047771068
XA,DP,380601340S,GCFO,SG10,Trade Orders,2023-04-01,1,0.047771068,0.047771068
XA,DP,380601340S,GCFO,SG10,Trade Orders,2024-02-01,1,0.047771068,0.047771068
XA,DP,380601340S,GCFO,SG10,Trade Orders,2025-09-01,1,0.047771068,0.047771068
XA,DP,5469759001,AFO,2810,ZC1,2020-12-01,1,0.043421623,
XA,DP,5469759001,AFO,2810,Trade Orders,2020-11-01,2,0.043421623,0.086843246
XA,DP,5469759001,AFO,2810,Trade Orders,2021-01-01,1,0.043421623,0.043421623
XA,DP,5469759001,AFO,2810,Trade Orders,2022-11-01,3,0.043421623,0.130264869
XA,DP,5469759001,APAC,AY10,Trade Orders,2020-11-01,1,0.045156591,0.045156591
XA,DP,5469759001,APAC,AY10,Trade Orders,2021-02-01,1,0.045156591,0.045156591
XA,DP,5469759001,APAC,AY10,Trade Orders,2021-04-01,1,0.045156591,0.045156591
XA,DP,5469759001,APAC,AY10,Trade Orders,2021-08-01,1,0.045156591,0.045156591
XA,DP,5469759001,APAC,AY10,Trade Orders,2022-01-01,1,0.045156591,0.045156591
XA,DP,5469759001,APAC,AY10,Trade Orders,2023-02-01,1,0.045156591,0.045156591
XA,DP,5469759001,APAC,AY10,Trade Orders,2023-07-01,1,0.045156591,0.045156591
XA,DP,5469759001,APAC,AY10,Trade Orders,2023-09-01,1,0.045156591,0.045156591
XA,DP,5469759001,APAC,B410,ZC1,2026-03-01,1,0.045156591,
XA,DP,5469759001,APAC,SG10,Trade Orders,2021-07-01,1,0.045156591,0.045156591
XA,DP,5469759001,APAC,SG10,Trade Orders,2021-10-01,1,0.045156591,0.045156591
XA,DP,5469759001,APAC,SG10,Trade Orders,2022-01-01,1,0.045156591,0.045156591
XA,DP,5469759001,APAC,SG10,Trade Orders,2022-11-01,1,0.045156591,0.045156591
XA,DP,5469759001,APAC,SG10,Trade Orders,2023-04-01,1,0.045156591,0.045156591
XA,DP,5469759001,APAC,SG10,Trade Orders,2024-04-01,1,0.045156591,0.045156591
XA,DP,5469759001,APAC,SG10,Trade Orders,2024-05-01,1,0.045156591,0.045156591
XA,DP,5469759001,APAC,SG10,Trade Orders,2025-11-01,1,0.045156591,0.045156591
XA,DP,5469759001,EMEA,B410,ZC1,2022-10-01,2,0.045141846,
XA,DP,5469759001,EMEA,B410,ZC1,2022-12-01,1,0.045141846,
XA,DP,5469759001,EMEA,B410,ZC1,2023-07-01,1,0.045141846,
XA,DP,5469759001,EMEA,B410,ZC1,2023-08-01,1,0.045141846,
XA,DP,5469759001,EMEA,B410,ZC1,2023-10-01,1,0.045141846,
XA,DP,5469759001,EMEA,B410,ZC1,2025-03-01,1,0.045141846,
XA,DP,5469759001,EMEA,B410,ZC1,2025-04-01,1,0.045141846,
XA,DP,5469759001,EMEA,B410,ZC1,2025-10-01,2,0.045141846,
XA,DP,5469759001,EMEA,B410,ZC1,2025-12-01,1,0.045141846,
XA,DP,5469759001,EMEA,B410,ZC1,2026-02-01,1,0.045141846,
XA,DP,5469759001,EMEA,B410,Trade Orders,2020-09-01,3,0.045141846,0.135425538
XA,DP,5469759001,EMEA,B410,Trade Orders,2020-11-01,3,0.045141846,0.135425538
XA,DP,5469759001,EMEA,B410,Trade Orders,2021-01-01,1,0.045141846,0.045141846
XA,DP,5469759001,EMEA,B410,Trade Orders,2021-02-01,1,0.045141846,0.045141846
XA,DP,5469759001,EMEA,B410,Trade Orders,2021-03-01,1,0.045141846,0.045141846
XA,DP,5469759001,EMEA,B410,Trade Orders,2021-04-01,2,0.045141846,0.090283692
XA,DP,5469759001,EMEA,B410,Trade Orders,2021-05-01,2,0.045141846,0.090283692
XA,DP,5469759001,EMEA,B410,Trade Orders,2021-11-01,2,0.045141846,0.090283692
XA,DP,5469759001,EMEA,B410,Trade Orders,2021-12-01,3,0.045141846,0.135425538
XA,DP,5469759001,EMEA,B410,Trade Orders,2022-06-01,1,0.045141846,0.045141846
XA,DP,5469759001,EMEA,B410,Trade Orders,2022-07-01,1,0.045141846,0.045141846
XA,DP,5469759001,EMEA,B410,Trade Orders,2022-08-01,2,0.045141846,0.090283692
XA,DP,5469759001,EMEA,B410,Trade Orders,2022-09-01,1,0.045141846,0.045141846
XA,DP,5469759001,EMEA,B410,Trade Orders,2022-10-01,1,0.045141846,0.045141846
XA,DP,5469759001,EMEA,B410,Trade Orders,2022-11-01,1,0.045141846,0.045141846
XA,DP,5469759001,EMEA,B410,Trade Orders,2022-12-01,3,0.045141846,0.135425538
XA,DP,5469759001,EMEA,B410,Trade Orders,2023-01-01,1,0.045141846,0.045141846
XA,DP,5469759001,EMEA,B410,Trade Orders,2023-03-01,1,0.045141846,0.045141846
XA,DP,5469759001,EMEA,B410,Trade Orders,2023-04-01,2,0.045141846,0.090283692
XA,DP,5469759001,EMEA,B410,Trade Orders,2023-06-01,2,0.045141846,0.090283692
XA,DP,5469759001,EMEA,B410,Trade Orders,2023-07-01,1,0.045141846,0.045141846
XA,DP,5469759001,EMEA,B410,Trade Orders,2023-10-01,1,0.045141846,0.045141846
XA,DP,5469759001,EMEA,B410,Trade Orders,2023-11-01,2,0.045141846,0.090283692
XA,DP,5469759001,EMEA,B410,Trade Orders,2024-02-01,2,0.045141846,0.090283692
XA,DP,5469759001,EMEA,B410,Trade Orders,2024-04-01,1,0.045141846,0.045141846
XA,DP,5469759001,EMEA,B410,Trade Orders,2024-07-01,2,0.045141846,0.090283692
XA,DP,5469759001,EMEA,B410,Trade Orders,2024-08-01,1,0.045141846,0.045141846
XA,DP,5469759001,EMEA,B410,Trade Orders,2024-10-01,1,0.045141846,0.045141846
XA,DP,5469759001,EMEA,B410,Trade Orders,2024-11-01,1,0.045141846,0.045141846
XA,DP,5469759001,EMEA,B410,Trade Orders,2025-04-01,4,0.045141846,0.180567384
XA,DP,5469759001,EMEA,B410,Trade Orders,2025-06-01,1,0.045141846,0.045141846
XA,DP,5469759001,EMEA,B410,Trade Orders,2025-07-01,1,0.045141846,0.045141846
XA,DP,5469759001,EMEA,B410,Trade Orders,2025-08-01,1,0.045141846,0.045141846
XA,DP,5469759001,EMEA,B410,Trade Orders,2025-10-01,1,0.045141846,0.045141846
XA,DP,5469759001,EMEA,B410,Trade Orders,2025-12-01,1,0.045141846,0.045141846
XA,DP,5469759001,EMEA,B410,Trade Orders,2026-01-01,1,0.045141846,0.045141846
XA,DP,5469759001,EMEA,B410,Trade Orders,2026-02-01,1,0.045141846,0.045141846
XA,DP,5469759001,GCFO,R811,Trade Orders,2020-10-01,1,0.047771068,0.047771068
XA,DP,5469759001,GCFO,R811,Trade Orders,2020-11-01,10,0.047771068,0.47771068
XA,DP,5469759001,GCFO,R811,Trade Orders,2021-07-01,1,0.047771068,0.047771068
XA,DP,5469759001,GCFO,R811,Trade Orders,2022-02-01,1,0.047771068,0.047771068
XA,DP,5469759001,GCFO,R811,Trade Orders,2022-09-01,2,0.047771068,0.095542136
XA,DP,5469759001,GCFO,R811,Trade Orders,2022-10-01,1,0.047771068,0.047771068
XA,DP,5469759001,GCFO,R811,Trade Orders,2022-11-01,1,0.047771068,0.047771068
XA,DP,5469759001,GCFO,R811,Trade Orders,2023-02-01,1,0.047771068,0.047771068
XA,DP,5469759001,GCFO,R811,Trade Orders,2023-03-01,2,0.047771068,0.095542136
XA,DP,5469759001,GCFO,R811,Trade Orders,2023-09-01,1,0.047771068,0.047771068
XA,DP,5469759001,GCFO,R811,Trade Orders,2023-11-01,1,0.047771068,0.047771068
XA,DP,5469759001,GCFO,R811,Trade Orders,2023-12-01,1,0.047771068,0.047771068
XA,DP,5469759001,GCFO,R811,Trade Orders,2024-01-01,1,0.047771068,0.047771068
XA,DP,5469759001,GCFO,R811,Trade Orders,2024-05-01,1,0.047771068,0.047771068
XA,DP,5469759001,GCFO,R811,Trade Orders,2024-07-01,1,0.047771068,0.047771068
XA,DP,5469759001,GCFO,R811,Trade Orders,2024-10-01,1,0.047771068,0.047771068
XA,DP,5469759001,GCFO,R811,Trade Orders,2025-01-01,1,0.047771068,0.047771068
XA,DP,5469759001,GCFO,R811,Trade Orders,2025-09-01,1,0.047771068,0.047771068
XA,DP,5469759001,GCFO,R811,Trade Orders,2025-12-01,1,0.047771068,0.047771068
XA,DP,5469759001,GCFO,R811,Trade Orders,2026-01-01,2,0.047771068,0.095542136
XA,DP,5469759001,GCFO,R811,Trade Orders,2026-03-01,1,0.047771068,0.047771068
XA,DP,5469759001,GCFO,SG10,Trade Orders,2021-02-01,1,0.047771068,0.047771068
XA,DP,5469759001,GCFO,SG10,Trade Orders,2021-08-01,1,0.047771068,0.047771068
XA,DP,5469759001,GCFO,SG10,Trade Orders,2023-05-01,1,0.047771068,0.047771068
XA,DP,5469759001,GCFO,SG10,Trade Orders,2023-06-01,1,0.047771068,0.047771068
XA,DP,5469759001,GCFO,SG10,Trade Orders,2023-11-01,1,0.047771068,0.047771068
XA,DP,5469759001,GCFO,SG10,Trade Orders,2025-04-01,1,0.047771068,0.047771068
XA,DP,5469759001,GCFO,SG10,Trade Orders,2026-02-01,1,0.047771068,0.047771068
XA,DP,5469759001,GCFO,SG10,Trade Orders,2026-04-01,1,0.047771068,0.047771068
XA,DP,5469759001S,AFO,2810,ZC1,2022-11-01,3,0.043421623,
XA,DP,5469759001S,AFO,2810,ZC1,2023-03-01,2,0.043421623,
XA,DP,5469759001S,AFO,2810,ZC1,2023-09-01,1,0.043421623,
XA,DP,5469759001S,AFO,2810,ZC1,2024-02-01,2,0.043421623,
XA,DP,5469759001S,AFO,2810,ZC1,2024-09-01,2,0.043421623,
XA,DP,5469759001S,AFO,2810,ZC1,2025-11-01,1,0.043421623,
XA,DP,5469759001S,AFO,2810,Trade Orders,2021-07-01,1,0.043421623,0.043421623
XA,DP,5469759001S,AFO,2810,Trade Orders,2021-09-01,2,0.043421623,0.086843246
XA,DP,5469759001S,AFO,2810,Trade Orders,2021-12-01,3,0.043421623,0.130264869
XA,DP,5469759001S,AFO,2810,Trade Orders,2022-01-01,1,0.043421623,0.043421623
XA,DP,5469759001S,AFO,2810,Trade Orders,2022-05-01,1,0.043421623,0.043421623
XA,DP,5469759001S,AFO,2810,Trade Orders,2022-07-01,1,0.043421623,0.043421623
XA,DP,5469759001S,AFO,2810,Trade Orders,2022-10-01,2,0.043421623,0.086843246
XA,DP,5469759001S,AFO,2810,Trade Orders,2022-11-01,3,0.043421623,0.130264869
XA,DP,5469759001S,AFO,2810,Trade Orders,2023-04-01,1,0.043421623,0.043421623
XA,DP,5469759001S,AFO,2810,Trade Orders,2023-06-01,1,0.043421623,0.043421623
XA,DP,5469759001S,AFO,2810,Trade Orders,2023-09-01,1,0.043421623,0.043421623
XA,DP,5469759001S,AFO,2810,Trade Orders,2023-10-01,1,0.043421623,0.043421623
XA,DP,5469759001S,AFO,2810,Trade Orders,2024-01-01,1,0.043421623,0.043421623
XA,DP,5469759001S,AFO,2810,Trade Orders,2024-02-01,1,0.043421623,0.043421623
XA,DP,5469759001S,AFO,2810,Trade Orders,2024-04-01,2,0.043421623,0.086843246
XA,DP,5469759001S,AFO,2810,Trade Orders,2024-08-01,1,0.043421623,0.043421623
XA,DP,5469759001S,AFO,2810,Trade Orders,2024-09-01,1,0.043421623,0.043421623
XA,DP,5469759001S,AFO,2810,Trade Orders,2025-05-01,1,0.043421623,0.043421623
XA,DP,5469759001S,AFO,2810,Trade Orders,2025-06-01,1,0.043421623,0.043421623
XA,DP,5469759001S,AFO,2810,Trade Orders,2026-03-01,1,0.043421623,0.043421623
XA,DP,5469759001S,AFO,2810,Trade Orders,2026-04-01,1,0.043421623,0.043421623
XA,DP,5469759001S,APAC,SG10,ZGIO,2022-11-01,1,0.045156591,
XA,DP,5469759001S,GCFO,SG10,ZSD1,2022-07-01,1,0.047771068,
XA,DP,5469759001S,GCFO,SG10,Trade Orders,2020-11-01,2,0.047771068,0.095542136
XA,DP,5469759001S,GCFO,SG10,Trade Orders,2022-06-01,2,0.047771068,0.095542136
XA,DP,5469759001S,GCFO,SG10,Trade Orders,2022-09-01,3,0.047771068,0.143313204
XA,DP,5469759001S,GCFO,SG10,Trade Orders,2022-11-01,1,0.047771068,0.047771068
XA,DP,5469759001S,GCFO,SG10,Trade Orders,2023-03-01,1,0.047771068,0.047771068
XA,DP,5469759001S,GCFO,SG10,Trade Orders,2023-07-01,1,0.047771068,0.047771068
XA,DP,5469759001S,GCFO,SG10,Trade Orders,2023-08-01,1,0.047771068,0.047771068
XA,DP,5469759001S,GCFO,SG10,Trade Orders,2024-02-01,2,0.047771068,0.095542136
XA,DP,5469759001S,GCFO,SG10,Trade Orders,2024-04-01,1,0.047771068,0.047771068
XA,DP,5469759001S,GCFO,SG10,Trade Orders,2025-05-01,1,0.047771068,0.047771068
XA,DP,5469759001S,GCFO,SG10,Trade Orders,2025-06-01,1,0.047771068,0.047771068
XA,DP,5469759001S,GCFO,SG10,Trade Orders,2026-02-01,1,0.047771068,0.047771068
XA,DP,5469759001S,GCFO,SG10,Trade Orders,2026-03-01,1,0.047771068,0.047771068
XA,HT,5919843001,AFO,2810,ZC1,2023-05-01,1,0.078527954,
XA,HT,5919843001,AFO,2810,ZC1,2023-07-01,1,0.078527954,
XA,HT,5919843001,AFO,2810,ZC1,2023-11-01,1,0.078527954,
XA,HT,5919843001,AFO,2810,ZC1,2024-02-01,1,0.078527954,
XA,HT,5919843001,AFO,2810,ZC1,2025-04-01,1,0.078527954,
XA,HT,5919843001,AFO,2810,Trade Orders,2020-10-01,1,0.078527954,0.078527954
XA,HT,5919843001,AFO,2810,Trade Orders,2021-06-01,1,0.078527954,0.078527954
XA,HT,5919843001,AFO,2810,Trade Orders,2021-08-01,1,0.078527954,0.078527954
XA,HT,5919843001,AFO,2810,Trade Orders,2023-01-01,1,0.078527954,0.078527954
XA,HT,5919843001,AFO,2810,Trade Orders,2023-04-01,1,0.078527954,0.078527954
XA,HT,5919843001,AFO,2810,Trade Orders,2023-06-01,1,0.078527954,0.078527954
XA,HT,5919843001,AFO,2810,Trade Orders,2024-03-01,1,0.078527954,0.078527954
XA,HT,5919843001,AFO,2810,Trade Orders,2024-04-01,1,0.078527954,0.078527954
XA,HT,5919843001,AFO,2810,Trade Orders,2024-05-01,1,0.078527954,0.078527954
XA,HT,5919843001,AFO,2810,Trade Orders,2024-09-01,1,0.078527954,0.078527954
XA,HT,5919843001,AFO,2810,Trade Orders,2024-10-01,1,0.078527954,0.078527954
XA,HT,5919843001,AFO,2810,Trade Orders,2025-01-01,1,0.078527954,0.078527954
XA,HT,5919843001,AFO,2810,Trade Orders,2025-09-01,1,0.078527954,0.078527954
XA,HT,5919843001,AFO,2810,Trade Orders,2026-04-01,1,0.078527954,0.078527954
XA,HT,5919843001,APAC,SG10,ZGIO,2022-11-01,1,0.075297534,
XA,HT,5919843001,EMEA,B410,ZC1,2022-10-01,1,0.072067114,
XA,HT,5919843001,EMEA,B410,ZC1,2024-04-01,1,0.072067114,
XA,HT,5919843001,EMEA,B410,ZC1,2025-11-01,1,0.072067114,
XA,HT,5919843001,EMEA,B410,Trade Orders,2021-08-01,1,0.072067114,0.072067114
XA,HT,5919843001,EMEA,B410,Trade Orders,2022-12-01,1,0.072067114,0.072067114
XA,HT,5919843001,EMEA,B410,Trade Orders,2023-11-01,1,0.072067114,0.072067114
XA,HT,5919843001,EMEA,B410,Trade Orders,2024-07-01,1,0.072067114,0.072067114
XA,HT,5919843001,EMEA,B410,Trade Orders,2025-02-01,1,0.072067114,0.072067114
XA,HT,5919878001,AFO,2810,ZC1,2023-05-01,1,0.078527954,
XA,HT,5919878001,AFO,2810,ZC1,2023-07-01,1,0.078527954,
XA,HT,5919878001,AFO,2810,ZC1,2023-11-01,1,0.078527954,
XA,HT,5919878001,AFO,2810,ZC1,2024-02-01,1,0.078527954,
XA,HT,5919878001,AFO,2810,ZC1,2025-04-01,1,0.078527954,
XA,HT,5919878001,AFO,2810,ZSD1,2021-09-01,1,0.078527954,
XA,HT,5919878001,AFO,2810,Trade Orders,2020-10-01,2,0.078527954,0.157055907
XA,HT,5919878001,AFO,2810,Trade Orders,2021-06-01,4,0.078527954,0.314111815
XA,HT,5919878001,AFO,2810,Trade Orders,2023-01-01,1,0.078527954,0.078527954
XA,HT,5919878001,AFO,2810,Trade Orders,2023-05-01,1,0.078527954,0.078527954
XA,HT,5919878001,AFO,2810,Trade Orders,2024-03-01,1,0.078527954,0.078527954
XA,HT,5919878001,AFO,2810,Trade Orders,2024-04-01,1,0.078527954,0.078527954
XA,HT,5919878001,AFO,2810,Trade Orders,2024-05-01,1,0.078527954,0.078527954
XA,HT,5919878001,AFO,2810,Trade Orders,2024-09-01,1,0.078527954,0.078527954
XA,HT,5919878001,AFO,2810,Trade Orders,2024-10-01,1,0.078527954,0.078527954
XA,HT,5919878001,AFO,2810,Trade Orders,2025-01-01,1,0.078527954,0.078527954
XA,HT,5919878001,AFO,2810,Trade Orders,2025-09-01,1,0.078527954,0.078527954
XA,HT,5919878001,AFO,2810,Trade Orders,2026-04-01,1,0.078527954,0.078527954
XA,HT,5919878001,APAC,SG10,ZGIO,2022-11-01,1,0.075297534,
XA,HT,5919878001,EMEA,B410,ZC1,2022-10-01,1,0.072067114,
XA,HT,5919878001,EMEA,B410,ZC1,2024-04-01,1,0.072067114,
XA,HT,5919878001,EMEA,B410,ZC1,2025-11-01,1,0.072067114,
XA,HT,5919878001,EMEA,B410,Trade Orders,2021-08-01,1,0.072067114,0.072067114
XA,HT,5919878001,EMEA,B410,Trade Orders,2022-12-01,1,0.072067114,0.072067114
XA,HT,5919878001,EMEA,B410,Trade Orders,2023-11-01,1,0.072067114,0.072067114
XA,HT,5919878001,EMEA,B410,Trade Orders,2024-07-01,1,0.072067114,0.072067114
XA,HT,5919878001,EMEA,B410,Trade Orders,2025-02-01,1,0.072067114,0.072067114
XA,MP,5228972001,AFO,2810,ZC1,2020-12-01,3,0.063284165,
XA,MP,5228972001,AFO,2810,ZC1,2021-01-01,2,0.063284165,
XA,MP,5228972001,AFO,2810,ZC1,2021-03-01,1,0.063284165,
XA,MP,5228972001,AFO,2810,Trade Orders,2020-09-01,5,0.063284165,0.316420823
XA,MP,5228972001,AFO,2810,Trade Orders,2020-10-01,4,0.063284165,0.253136659
XA,MP,5228972001,AFO,2810,Trade Orders,2020-11-01,3,0.063284165,0.189852494
XA,MP,5228972001,AFO,2810,Trade Orders,2021-01-01,1,0.063284165,0.063284165
XA,MP,5228972001,AFO,2810,Trade Orders,2021-02-01,1,0.063284165,0.063284165
XA,MP,5228972001,AFO,2810,Trade Orders,2021-03-01,1,0.063284165,0.063284165
XA,MP,5228972001,AFO,2810,Trade Orders,2021-04-01,1,0.063284165,0.063284165
XA,MP,5228972001,AFO,2810,Trade Orders,2021-08-01,2,0.063284165,0.126568329
XA,MP,5228972001,AFO,2810,Trade Orders,2021-09-01,1,0.063284165,0.063284165
XA,MP,5228972001,AFO,2810,Trade Orders,2022-10-01,1,0.063284165,0.063284165
XA,MP,5228972001,AFO,2810,Trade Orders,2022-11-01,1,0.063284165,0.063284165
XA,MP,5228972001,AFO,2810,Trade Orders,2023-01-01,1,0.063284165,0.063284165
XA,MP,5228972001,AFO,2810,Trade Orders,2023-03-01,2,0.063284165,0.126568329
XA,MP,5228972001,AFO,2810,Trade Orders,2023-04-01,1,0.063284165,0.063284165
XA,MP,5228972001,AFO,2810,Trade Orders,2023-10-01,1,0.063284165,0.063284165
XA,MP,5228972001,APAC,AY10,Trade Orders,2020-09-01,1,0.055618518,0.055618518
XA,MP,5228972001,APAC,AY10,Trade Orders,2022-10-01,1,0.055618518,0.055618518
XA,MP,5228972001,APAC,AY10,Trade Orders,2023-04-01,1,0.055618518,0.055618518
XA,MP,5228972001,APAC,AY10,Trade Orders,2024-08-01,1,0.055618518,0.055618518
XA,MP,5228972001,APAC,AY10,Trade Orders,2024-09-01,1,0.055618518,0.055618518
XA,MP,5228972001,APAC,AY10,Trade Orders,2026-01-01,1,0.055618518,0.055618518
XA,MP,5228972001,APAC,B410,ZC1,2025-04-01,1,0.055618518,
XA,MP,5228972001,APAC,SG10,ZC1,2024-02-01,1,0.055618518,
XA,MP,5228972001,APAC,SG10,ZC1,2024-10-01,1,0.055618518,
XA,MP,5228972001,APAC,SG10,ZC1,2026-03-01,1,0.055618518,
XA,MP,5228972001,APAC,SG10,Trade Orders,2020-11-01,2,0.055618518,0.111237035
XA,MP,5228972001,APAC,SG10,Trade Orders,2021-04-01,2,0.055618518,0.111237035
XA,MP,5228972001,APAC,SG10,Trade Orders,2022-01-01,1,0.055618518,0.055618518
XA,MP,5228972001,APAC,SG10,Trade Orders,2022-07-01,1,0.055618518,0.055618518
XA,MP,5228972001,APAC,SG10,Trade Orders,2022-11-01,2,0.055618518,0.111237035
XA,MP,5228972001,APAC,SG10,Trade Orders,2022-12-01,1,0.055618518,0.055618518
XA,MP,5228972001,APAC,SG10,Trade Orders,2023-02-01,1,0.055618518,0.055618518
XA,MP,5228972001,APAC,SG10,Trade Orders,2023-12-01,1,0.055618518,0.055618518
XA,MP,5228972001,APAC,SG10,Trade Orders,2024-04-01,1,0.055618518,0.055618518
XA,MP,5228972001,APAC,SG10,Trade Orders,2024-07-01,1,0.055618518,0.055618518
XA,MP,5228972001,APAC,SG10,Trade Orders,2024-08-01,1,0.055618518,0.055618518
XA,MP,5228972001,EMEA,B410,ZC1,2022-10-01,3,0.064277943,
XA,MP,5228972001,EMEA,B410,ZC1,2023-07-01,1,0.064277943,
XA,MP,5228972001,EMEA,B410,ZC1,2023-08-01,1,0.064277943,
XA,MP,5228972001,EMEA,B410,ZC1,2024-05-01,1,0.064277943,
XA,MP,5228972001,EMEA,B410,ZC1,2024-11-01,1,0.064277943,
XA,MP,5228972001,EMEA,B410,ZC1,2025-03-01,1,0.064277943,
XA,MP,5228972001,EMEA,B410,ZC1,2025-04-01,2,0.064277943,
XA,MP,5228972001,EMEA,B410,Trade Orders,2020-09-01,1,0.064277943,0.064277943
XA,MP,5228972001,EMEA,B410,Trade Orders,2020-10-01,1,0.064277943,0.064277943
XA,MP,5228972001,EMEA,B410,Trade Orders,2020-12-01,2,0.064277943,0.128555885
XA,MP,5228972001,EMEA,B410,Trade Orders,2021-05-01,4,0.064277943,0.257111771
XA,MP,5228972001,EMEA,B410,Trade Orders,2021-06-01,4,0.064277943,0.257111771
XA,MP,5228972001,EMEA,B410,Trade Orders,2021-08-01,1,0.064277943,0.064277943
XA,MP,5228972001,EMEA,B410,Trade Orders,2021-09-01,1,0.064277943,0.064277943
XA,MP,5228972001,EMEA,B410,Trade Orders,2021-10-01,1,0.064277943,0.064277943
XA,MP,5228972001,EMEA,B410,Trade Orders,2021-11-01,1,0.064277943,0.064277943
XA,MP,5228972001,EMEA,B410,Trade Orders,2021-12-01,1,0.064277943,0.064277943
XA,MP,5228972001,EMEA,B410,Trade Orders,2022-01-01,1,0.064277943,0.064277943
XA,MP,5228972001,EMEA,B410,Trade Orders,2022-03-01,1,0.064277943,0.064277943
XA,MP,5228972001,EMEA,B410,Trade Orders,2022-05-01,1,0.064277943,0.064277943
XA,MP,5228972001,EMEA,B410,Trade Orders,2022-07-01,1,0.064277943,0.064277943
XA,MP,5228972001,EMEA,B410,Trade Orders,2022-08-01,3,0.064277943,0.192833828
XA,MP,5228972001,EMEA,B410,Trade Orders,2022-10-01,3,0.064277943,0.192833828
XA,MP,5228972001,EMEA,B410,Trade Orders,2022-11-01,1,0.064277943,0.064277943
XA,MP,5228972001,EMEA,B410,Trade Orders,2022-12-01,2,0.064277943,0.128555885
XA,MP,5228972001,EMEA,B410,Trade Orders,2023-03-01,1,0.064277943,0.064277943
XA,MP,5228972001,EMEA,B410,Trade Orders,2023-04-01,1,0.064277943,0.064277943
XA,MP,5228972001,EMEA,B410,Trade Orders,2023-05-01,2,0.064277943,0.128555885
XA,MP,5228972001,EMEA,B410,Trade Orders,2023-06-01,1,0.064277943,0.064277943
XA,MP,5228972001,EMEA,B410,Trade Orders,2023-07-01,1,0.064277943,0.064277943
XA,MP,5228972001,EMEA,B410,Trade Orders,2023-08-01,1,0.064277943,0.064277943
XA,MP,5228972001,EMEA,B410,Trade Orders,2023-09-01,1,0.064277943,0.064277943
XA,MP,5228972001,EMEA,B410,Trade Orders,2023-10-01,2,0.064277943,0.128555885
XA,MP,5228972001,EMEA,B410,Trade Orders,2023-11-01,1,0.064277943,0.064277943
XA,MP,5228972001,EMEA,B410,Trade Orders,2024-01-01,1,0.064277943,0.064277943
XA,MP,5228972001,EMEA,B410,Trade Orders,2024-03-01,2,0.064277943,0.128555885
XA,MP,5228972001,EMEA,B410,Trade Orders,2024-04-01,1,0.064277943,0.064277943
XA,MP,5228972001,EMEA,B410,Trade Orders,2024-05-01,2,0.064277943,0.128555885
XA,MP,5228972001,EMEA,B410,Trade Orders,2024-11-01,3,0.064277943,0.192833828
XA,MP,5228972001,EMEA,B410,Trade Orders,2024-12-01,1,0.064277943,0.064277943
XA,MP,5228972001,EMEA,B410,Trade Orders,2025-07-01,1,0.064277943,0.064277943
XA,MP,5228972001,EMEA,B410,Trade Orders,2025-11-01,1,0.064277943,0.064277943
XA,MP,5228972001,GCFO,R811,Trade Orders,2020-11-01,1,0.074470035,0.074470035
XA,MP,5228972001,GCFO,R811,Trade Orders,2021-01-01,1,0.074470035,0.074470035
XA,MP,5228972001,GCFO,R811,Trade Orders,2021-02-01,1,0.074470035,0.074470035
XA,MP,5228972001,GCFO,R811,Trade Orders,2021-05-01,2,0.074470035,0.14894007
XA,MP,5228972001,GCFO,R811,Trade Orders,2021-06-01,1,0.074470035,0.074470035
XA,MP,5228972001,GCFO,R811,Trade Orders,2021-10-01,2,0.074470035,0.14894007
XA,MP,5228972001,GCFO,R811,Trade Orders,2022-01-01,1,0.074470035,0.074470035
XA,MP,5228972001,GCFO,R811,Trade Orders,2022-03-01,1,0.074470035,0.074470035
XA,MP,5228972001,GCFO,R811,Trade Orders,2022-05-01,2,0.074470035,0.14894007
XA,MP,5228972001,GCFO,R811,Trade Orders,2022-06-01,1,0.074470035,0.074470035
XA,MP,5228972001,GCFO,R811,Trade Orders,2022-07-01,1,0.074470035,0.074470035
XA,MP,5228972001,GCFO,R811,Trade Orders,2022-08-01,1,0.074470035,0.074470035
XA,MP,5228972001,GCFO,R811,Trade Orders,2022-11-01,1,0.074470035,0.074470035
XA,MP,5228972001,GCFO,R811,Trade Orders,2022-12-01,1,0.074470035,0.074470035
XA,MP,5228972001,GCFO,R811,Trade Orders,2023-05-01,1,0.074470035,0.074470035
XA,MP,5228972001,GCFO,R811,Trade Orders,2024-01-01,1,0.074470035,0.074470035
XA,MP,5228972001,GCFO,R811,Trade Orders,2024-05-01,1,0.074470035,0.074470035
XA,MP,5228972001,GCFO,R811,Trade Orders,2024-07-01,1,0.074470035,0.074470035
XA,MP,5228972001,GCFO,R811,Trade Orders,2024-10-01,1,0.074470035,0.074470035
XA,MP,5228972001,GCFO,R811,Trade Orders,2025-07-01,1,0.074470035,0.074470035
XA,MP,5228972001,GCFO,R811,Trade Orders,2025-09-01,2,0.074470035,0.14894007
XA,MP,5228972001S,AFO,2810,ZC1,2022-02-01,1,0.063284165,
XA,MP,5228972001S,AFO,2810,ZC1,2022-05-01,1,0.063284165,
XA,MP,5228972001S,AFO,2810,ZC1,2022-06-01,1,0.063284165,
XA,MP,5228972001S,AFO,2810,ZC1,2022-07-01,1,0.063284165,
XA,MP,5228972001S,AFO,2810,ZC1,2023-02-01,1,0.063284165,
XA,MP,5228972001S,AFO,2810,ZC1,2023-03-01,3,0.063284165,
XA,MP,5228972001S,AFO,2810,ZC1,2023-04-01,1,0.063284165,
XA,MP,5228972001S,AFO,2810,ZC1,2023-05-01,1,0.063284165,
XA,MP,5228972001S,AFO,2810,ZC1,2023-08-01,3,0.063284165,
XA,MP,5228972001S,AFO,2810,ZC1,2023-11-01,1,0.063284165,
XA,MP,5228972001S,AFO,2810,ZC1,2024-02-01,1,0.063284165,
XA,MP,5228972001S,AFO,2810,ZC1,2024-03-01,2,0.063284165,
XA,MP,5228972001S,AFO,2810,ZC1,2024-04-01,1,0.063284165,
XA,MP,5228972001S,AFO,2810,ZC1,2024-06-01,2,0.063284165,
XA,MP,5228972001S,AFO,2810,ZC1,2024-11-01,3,0.063284165,
XA,MP,5228972001S,AFO,2810,ZC1,2024-12-01,2,0.063284165,
XA,MP,5228972001S,AFO,2810,ZC1,2025-03-01,1,0.063284165,
XA,MP,5228972001S,AFO,2810,ZC1,2025-12-01,2,0.063284165,
XA,MP,5228972001S,AFO,2810,ZGIO,2025-01-01,1,0.063284165,
XA,MP,5228972001S,AFO,2810,ZSD1,2022-10-01,1,0.063284165,
XA,MP,5228972001S,AFO,2810,Trade Orders,2021-03-01,1,0.063284165,0.063284165
XA,MP,5228972001S,AFO,2810,Trade Orders,2021-04-01,3,0.063284165,0.189852494
XA,MP,5228972001S,AFO,2810,Trade Orders,2021-05-01,9,0.063284165,0.569557482
XA,MP,5228972001S,AFO,2810,Trade Orders,2021-06-01,1,0.063284165,0.063284165
XA,MP,5228972001S,AFO,2810,Trade Orders,2021-07-01,4,0.063284165,0.253136659
XA,MP,5228972001S,AFO,2810,Trade Orders,2021-08-01,3,0.063284165,0.189852494
XA,MP,5228972001S,AFO,2810,Trade Orders,2021-09-01,3,0.063284165,0.189852494
XA,MP,5228972001S,AFO,2810,Trade Orders,2021-10-01,6,0.063284165,0.379704988
XA,MP,5228972001S,AFO,2810,Trade Orders,2021-11-01,6,0.063284165,0.379704988
XA,MP,5228972001S,AFO,2810,Trade Orders,2021-12-01,2,0.063284165,0.126568329
XA,MP,5228972001S,AFO,2810,Trade Orders,2022-01-01,4,0.063284165,0.253136659
XA,MP,5228972001S,AFO,2810,Trade Orders,2022-02-01,2,0.063284165,0.126568329
XA,MP,5228972001S,AFO,2810,Trade Orders,2022-03-01,3,0.063284165,0.189852494
XA,MP,5228972001S,AFO,2810,Trade Orders,2022-04-01,4,0.063284165,0.253136659
XA,MP,5228972001S,AFO,2810,Trade Orders,2022-05-01,2,0.063284165,0.126568329
XA,MP,5228972001S,AFO,2810,Trade Orders,2022-06-01,1,0.063284165,0.063284165
XA,MP,5228972001S,AFO,2810,Trade Orders,2022-07-01,3,0.063284165,0.189852494
XA,MP,5228972001S,AFO,2810,Trade Orders,2022-08-01,1,0.063284165,0.063284165
XA,MP,5228972001S,AFO,2810,Trade Orders,2022-10-01,7,0.063284165,0.442989152
XA,MP,5228972001S,AFO,2810,Trade Orders,2022-11-01,2,0.063284165,0.126568329
XA,MP,5228972001S,AFO,2810,Trade Orders,2022-12-01,1,0.063284165,0.063284165
XA,MP,5228972001S,AFO,2810,Trade Orders,2023-01-01,6,0.063284165,0.379704988
XA,MP,5228972001S,AFO,2810,Trade Orders,2023-02-01,3,0.063284165,0.189852494
XA,MP,5228972001S,AFO,2810,Trade Orders,2023-03-01,1,0.063284165,0.063284165
XA,MP,5228972001S,AFO,2810,Trade Orders,2023-04-01,4,0.063284165,0.253136659
XA,MP,5228972001S,AFO,2810,Trade Orders,2023-05-01,2,0.063284165,0.126568329
XA,MP,5228972001S,AFO,2810,Trade Orders,2023-07-01,1,0.063284165,0.063284165
XA,MP,5228972001S,AFO,2810,Trade Orders,2023-08-01,3,0.063284165,0.189852494
XA,MP,5228972001S,AFO,2810,Trade Orders,2023-09-01,2,0.063284165,0.126568329
XA,MP,5228972001S,AFO,2810,Trade Orders,2023-10-01,2,0.063284165,0.126568329
XA,MP,5228972001S,AFO,2810,Trade Orders,2023-11-01,3,0.063284165,0.189852494
XA,MP,5228972001S,AFO,2810,Trade Orders,2024-01-01,1,0.063284165,0.063284165
XA,MP,5228972001S,AFO,2810,Trade Orders,2024-02-01,1,0.063284165,0.063284165
XA,MP,5228972001S,AFO,2810,Trade Orders,2024-03-01,4,0.063284165,0.253136659
XA,MP,5228972001S,AFO,2810,Trade Orders,2024-05-01,4,0.063284165,0.253136659
XA,MP,5228972001S,AFO,2810,Trade Orders,2024-06-01,2,0.063284165,0.126568329
XA,MP,5228972001S,AFO,2810,Trade Orders,2024-07-01,1,0.063284165,0.063284165
XA,MP,5228972001S,AFO,2810,Trade Orders,2024-08-01,3,0.063284165,0.189852494
XA,MP,5228972001S,AFO,2810,Trade Orders,2024-09-01,2,0.063284165,0.126568329
XA,MP,5228972001S,AFO,2810,Trade Orders,2024-10-01,2,0.063284165,0.126568329
XA,MP,5228972001S,AFO,2810,Trade Orders,2024-11-01,4,0.063284165,0.253136659
XA,MP,5228972001S,AFO,2810,Trade Orders,2025-01-01,1,0.063284165,0.063284165
XA,MP,5228972001S,AFO,2810,Trade Orders,2025-03-01,2,0.063284165,0.126568329
XA,MP,5228972001S,AFO,2810,Trade Orders,2025-04-01,3,0.063284165,0.189852494
XA,MP,5228972001S,AFO,2810,Trade Orders,2025-05-01,3,0.063284165,0.189852494
XA,MP,5228972001S,AFO,2810,Trade Orders,2025-06-01,1,0.063284165,0.063284165
XA,MP,5228972001S,AFO,2810,Trade Orders,2025-07-01,3,0.063284165,0.189852494
XA,MP,5228972001S,AFO,2810,Trade Orders,2025-10-01,1,0.063284165,0.063284165
XA,MP,5228972001S,AFO,2810,Trade Orders,2025-11-01,2,0.063284165,0.126568329
XA,MP,5228972001S,AFO,2810,Trade Orders,2025-12-01,2,0.063284165,0.126568329
XA,MP,5228972001S,AFO,2810,Trade Orders,2026-01-01,2,0.063284165,0.126568329
XA,MP,5228972001S,AFO,2810,Trade Orders,2026-03-01,2,0.063284165,0.126568329
XA,MP,5228972001S,APAC,SG10,ZGIO,2022-11-01,1,0.055618518,
XA,MP,5228972001S,GCFO,SG10,Trade Orders,2021-04-01,1,0.074470035,0.074470035
XA,MP,5228972001S,GCFO,SG10,Trade Orders,2021-06-01,1,0.074470035,0.074470035
XA,MP,5228972001S,GCFO,SG10,Trade Orders,2021-08-01,1,0.074470035,0.074470035
XA,MP,5228972001S,GCFO,SG10,Trade Orders,2021-10-01,1,0.074470035,0.074470035
XA,MP,5228972001S,GCFO,SG10,Trade Orders,2021-11-01,1,0.074470035,0.074470035
XA,MP,5228972001S,GCFO,SG10,Trade Orders,2021-12-01,1,0.074470035,0.074470035
XA,MP,5228972001S,GCFO,SG10,Trade Orders,2022-07-01,1,0.074470035,0.074470035
XA,MP,5228972001S,GCFO,SG10,Trade Orders,2023-03-01,1,0.074470035,0.074470035
XA,MP,5331625001,AFO,2810,ZC1,2020-12-01,3,0.063284165,
XA,MP,5331625001,AFO,2810,ZC1,2021-01-01,2,0.063284165,
XA,MP,5331625001,AFO,2810,ZC1,2021-03-01,1,0.063284165,
XA,MP,5331625001,AFO,2810,Trade Orders,2020-09-01,5,0.063284165,0.316420823
XA,MP,5331625001,AFO,2810,Trade Orders,2020-10-01,4,0.063284165,0.253136659
XA,MP,5331625001,AFO,2810,Trade Orders,2020-11-01,3,0.063284165,0.189852494
XA,MP,5331625001,AFO,2810,Trade Orders,2021-01-01,1,0.063284165,0.063284165
XA,MP,5331625001,AFO,2810,Trade Orders,2021-02-01,1,0.063284165,0.063284165
XA,MP,5331625001,AFO,2810,Trade Orders,2021-03-01,2,0.063284165,0.126568329
XA,MP,5331625001,AFO,2810,Trade Orders,2021-04-01,1,0.063284165,0.063284165
XA,MP,5331625001,AFO,2810,Trade Orders,2021-08-01,2,0.063284165,0.126568329
XA,MP,5331625001,AFO,2810,Trade Orders,2021-09-01,1,0.063284165,0.063284165
XA,MP,5331625001,AFO,2810,Trade Orders,2022-10-01,1,0.063284165,0.063284165
XA,MP,5331625001,AFO,2810,Trade Orders,2022-11-01,1,0.063284165,0.063284165
XA,MP,5331625001,AFO,2810,Trade Orders,2023-01-01,1,0.063284165,0.063284165
XA,MP,5331625001,AFO,2810,Trade Orders,2023-03-01,2,0.063284165,0.126568329
XA,MP,5331625001,AFO,2810,Trade Orders,2023-04-01,2,0.063284165,0.126568329
XA,MP,5331625001,AFO,2810,Trade Orders,2023-10-01,1,0.063284165,0.063284165
XA,MP,5331625001,APAC,AY10,Trade Orders,2020-09-01,1,0.055618518,0.055618518
XA,MP,5331625001,APAC,AY10,Trade Orders,2022-10-01,1,0.055618518,0.055618518
XA,MP,5331625001,APAC,AY10,Trade Orders,2023-04-01,1,0.055618518,0.055618518
XA,MP,5331625001,APAC,AY10,Trade Orders,2024-08-01,1,0.055618518,0.055618518
XA,MP,5331625001,APAC,AY10,Trade Orders,2024-09-01,1,0.055618518,0.055618518
XA,MP,5331625001,APAC,AY10,Trade Orders,2026-01-01,1,0.055618518,0.055618518
XA,MP,5331625001,APAC,B410,ZC1,2025-04-01,1,0.055618518,
XA,MP,5331625001,APAC,SG10,ZC1,2024-02-01,1,0.055618518,
XA,MP,5331625001,APAC,SG10,ZC1,2024-10-01,1,0.055618518,
XA,MP,5331625001,APAC,SG10,ZC1,2026-03-01,1,0.055618518,
XA,MP,5331625001,APAC,SG10,Trade Orders,2020-11-01,2,0.055618518,0.111237035
XA,MP,5331625001,APAC,SG10,Trade Orders,2021-04-01,2,0.055618518,0.111237035
XA,MP,5331625001,APAC,SG10,Trade Orders,2022-01-01,1,0.055618518,0.055618518
XA,MP,5331625001,APAC,SG10,Trade Orders,2022-07-01,1,0.055618518,0.055618518
XA,MP,5331625001,APAC,SG10,Trade Orders,2022-11-01,2,0.055618518,0.111237035
XA,MP,5331625001,APAC,SG10,Trade Orders,2022-12-01,1,0.055618518,0.055618518
XA,MP,5331625001,APAC,SG10,Trade Orders,2023-02-01,1,0.055618518,0.055618518
XA,MP,5331625001,APAC,SG10,Trade Orders,2023-12-01,1,0.055618518,0.055618518
XA,MP,5331625001,APAC,SG10,Trade Orders,2024-04-01,1,0.055618518,0.055618518
XA,MP,5331625001,APAC,SG10,Trade Orders,2024-07-01,1,0.055618518,0.055618518
XA,MP,5331625001,APAC,SG10,Trade Orders,2024-08-01,1,0.055618518,0.055618518
XA,MP,5331625001,APAC,SG10,Trade Orders,2025-08-01,1,0.055618518,0.055618518
XA,MP,5331625001,EMEA,B410,ZC1,2022-10-01,3,0.064277943,
XA,MP,5331625001,EMEA,B410,ZC1,2023-07-01,1,0.064277943,
XA,MP,5331625001,EMEA,B410,ZC1,2023-08-01,1,0.064277943,
XA,MP,5331625001,EMEA,B410,ZC1,2024-05-01,1,0.064277943,
XA,MP,5331625001,EMEA,B410,ZC1,2024-11-01,1,0.064277943,
XA,MP,5331625001,EMEA,B410,ZC1,2025-03-01,1,0.064277943,
XA,MP,5331625001,EMEA,B410,ZC1,2025-04-01,2,0.064277943,
XA,MP,5331625001,EMEA,B410,ZGIO,2022-06-01,2,0.064277943,
XA,MP,5331625001,EMEA,B410,ZSD1,2022-08-01,1,0.064277943,
XA,MP,5331625001,EMEA,B410,Trade Orders,2020-09-01,1,0.064277943,0.064277943
XA,MP,5331625001,EMEA,B410,Trade Orders,2020-10-01,1,0.064277943,0.064277943
XA,MP,5331625001,EMEA,B410,Trade Orders,2020-12-01,2,0.064277943,0.128555885
XA,MP,5331625001,EMEA,B410,Trade Orders,2021-05-01,4,0.064277943,0.257111771
XA,MP,5331625001,EMEA,B410,Trade Orders,2021-06-01,4,0.064277943,0.257111771
XA,MP,5331625001,EMEA,B410,Trade Orders,2021-08-01,1,0.064277943,0.064277943
XA,MP,5331625001,EMEA,B410,Trade Orders,2021-09-01,1,0.064277943,0.064277943
XA,MP,5331625001,EMEA,B410,Trade Orders,2021-10-01,1,0.064277943,0.064277943
XA,MP,5331625001,EMEA,B410,Trade Orders,2021-11-01,1,0.064277943,0.064277943
XA,MP,5331625001,EMEA,B410,Trade Orders,2021-12-01,1,0.064277943,0.064277943
XA,MP,5331625001,EMEA,B410,Trade Orders,2022-01-01,1,0.064277943,0.064277943
XA,MP,5331625001,EMEA,B410,Trade Orders,2022-03-01,1,0.064277943,0.064277943
XA,MP,5331625001,EMEA,B410,Trade Orders,2022-05-01,1,0.064277943,0.064277943
XA,MP,5331625001,EMEA,B410,Trade Orders,2022-07-01,1,0.064277943,0.064277943
XA,MP,5331625001,EMEA,B410,Trade Orders,2022-08-01,3,0.064277943,0.192833828
XA,MP,5331625001,EMEA,B410,Trade Orders,2022-10-01,3,0.064277943,0.192833828
XA,MP,5331625001,EMEA,B410,Trade Orders,2022-11-01,1,0.064277943,0.064277943
XA,MP,5331625001,EMEA,B410,Trade Orders,2022-12-01,2,0.064277943,0.128555885
XA,MP,5331625001,EMEA,B410,Trade Orders,2023-03-01,1,0.064277943,0.064277943
XA,MP,5331625001,EMEA,B410,Trade Orders,2023-04-01,1,0.064277943,0.064277943
XA,MP,5331625001,EMEA,B410,Trade Orders,2023-05-01,2,0.064277943,0.128555885
XA,MP,5331625001,EMEA,B410,Trade Orders,2023-06-01,1,0.064277943,0.064277943
XA,MP,5331625001,EMEA,B410,Trade Orders,2023-07-01,1,0.064277943,0.064277943
XA,MP,5331625001,EMEA,B410,Trade Orders,2023-08-01,1,0.064277943,0.064277943
XA,MP,5331625001,EMEA,B410,Trade Orders,2023-09-01,1,0.064277943,0.064277943
XA,MP,5331625001,EMEA,B410,Trade Orders,2023-10-01,2,0.064277943,0.128555885
XA,MP,5331625001,EMEA,B410,Trade Orders,2023-11-01,1,0.064277943,0.064277943
XA,MP,5331625001,EMEA,B410,Trade Orders,2024-01-01,1,0.064277943,0.064277943
XA,MP,5331625001,EMEA,B410,Trade Orders,2024-03-01,2,0.064277943,0.128555885
XA,MP,5331625001,EMEA,B410,Trade Orders,2024-04-01,1,0.064277943,0.064277943
XA,MP,5331625001,EMEA,B410,Trade Orders,2024-05-01,2,0.064277943,0.128555885
XA,MP,5331625001,EMEA,B410,Trade Orders,2024-11-01,3,0.064277943,0.192833828
XA,MP,5331625001,EMEA,B410,Trade Orders,2024-12-01,1,0.064277943,0.064277943
XA,MP,5331625001,EMEA,B410,Trade Orders,2025-07-01,1,0.064277943,0.064277943
XA,MP,5331625001,EMEA,B410,Trade Orders,2025-11-01,1,0.064277943,0.064277943
XA,MP,5331625001,GCFO,R811,Trade Orders,2020-11-01,1,0.074470035,0.074470035
XA,MP,5331625001,GCFO,R811,Trade Orders,2021-01-01,1,0.074470035,0.074470035
XA,MP,5331625001,GCFO,R811,Trade Orders,2021-02-01,1,0.074470035,0.074470035
XA,MP,5331625001,GCFO,R811,Trade Orders,2021-05-01,2,0.074470035,0.14894007
XA,MP,5331625001,GCFO,R811,Trade Orders,2021-06-01,1,0.074470035,0.074470035
XA,MP,5331625001,GCFO,R811,Trade Orders,2021-10-01,2,0.074470035,0.14894007
XA,MP,5331625001,GCFO,R811,Trade Orders,2022-01-01,1,0.074470035,0.074470035
XA,MP,5331625001,GCFO,R811,Trade Orders,2022-03-01,1,0.074470035,0.074470035
XA,MP,5331625001,GCFO,R811,Trade Orders,2022-05-01,2,0.074470035,0.14894007
XA,MP,5331625001,GCFO,R811,Trade Orders,2022-06-01,1,0.074470035,0.074470035
XA,MP,5331625001,GCFO,R811,Trade Orders,2022-07-01,1,0.074470035,0.074470035
XA,MP,5331625001,GCFO,R811,Trade Orders,2022-08-01,1,0.074470035,0.074470035
XA,MP,5331625001,GCFO,R811,Trade Orders,2022-11-01,1,0.074470035,0.074470035
XA,MP,5331625001,GCFO,R811,Trade Orders,2022-12-01,1,0.074470035,0.074470035
XA,MP,5331625001,GCFO,R811,Trade Orders,2023-05-01,1,0.074470035,0.074470035
XA,MP,5331625001,GCFO,R811,Trade Orders,2024-01-01,1,0.074470035,0.074470035
XA,MP,5331625001,GCFO,R811,Trade Orders,2024-05-01,1,0.074470035,0.074470035
XA,MP,5331625001,GCFO,R811,Trade Orders,2024-07-01,1,0.074470035,0.074470035
XA,MP,5331625001,GCFO,R811,Trade Orders,2024-10-01,1,0.074470035,0.074470035
XA,MP,5331625001,GCFO,R811,Trade Orders,2025-07-01,1,0.074470035,0.074470035
XA,MP,5331625001,GCFO,R811,Trade Orders,2025-08-01,1,0.074470035,0.074470035
XA,MP,5331625001,GCFO,R811,Trade Orders,2025-09-01,1,0.074470035,0.074470035
XA,MP,5331625001S,AFO,2810,ZC1,2022-02-01,1,0.063284165,
XA,MP,5331625001S,AFO,2810,ZC1,2022-05-01,1,0.063284165,
XA,MP,5331625001S,AFO,2810,ZC1,2022-06-01,1,0.063284165,
XA,MP,5331625001S,AFO,2810,ZC1,2022-07-01,1,0.063284165,
XA,MP,5331625001S,AFO,2810,ZC1,2023-02-01,1,0.063284165,
XA,MP,5331625001S,AFO,2810,ZC1,2023-03-01,3,0.063284165,
XA,MP,5331625001S,AFO,2810,ZC1,2023-04-01,1,0.063284165,
XA,MP,5331625001S,AFO,2810,ZC1,2023-05-01,1,0.063284165,
XA,MP,5331625001S,AFO,2810,ZC1,2023-08-01,3,0.063284165,
XA,MP,5331625001S,AFO,2810,ZC1,2023-11-01,1,0.063284165,
XA,MP,5331625001S,AFO,2810,ZC1,2024-02-01,1,0.063284165,
XA,MP,5331625001S,AFO,2810,ZC1,2024-03-01,2,0.063284165,
XA,MP,5331625001S,AFO,2810,ZC1,2024-04-01,1,0.063284165,
XA,MP,5331625001S,AFO,2810,ZC1,2024-06-01,2,0.063284165,
XA,MP,5331625001S,AFO,2810,ZC1,2024-11-01,3,0.063284165,
XA,MP,5331625001S,AFO,2810,ZC1,2024-12-01,2,0.063284165,
XA,MP,5331625001S,AFO,2810,ZC1,2025-03-01,1,0.063284165,
XA,MP,5331625001S,AFO,2810,ZC1,2025-12-01,2,0.063284165,
XA,MP,5331625001S,AFO,2810,ZGIO,2025-01-01,1,0.063284165,
XA,MP,5331625001S,AFO,2810,ZSD1,2022-10-01,1,0.063284165,
XA,MP,5331625001S,AFO,2810,Trade Orders,2021-03-01,1,0.063284165,0.063284165
XA,MP,5331625001S,AFO,2810,Trade Orders,2021-04-01,3,0.063284165,0.189852494
XA,MP,5331625001S,AFO,2810,Trade Orders,2021-05-01,9,0.063284165,0.569557482
XA,MP,5331625001S,AFO,2810,Trade Orders,2021-06-01,1,0.063284165,0.063284165
XA,MP,5331625001S,AFO,2810,Trade Orders,2021-07-01,4,0.063284165,0.253136659
XA,MP,5331625001S,AFO,2810,Trade Orders,2021-08-01,3,0.063284165,0.189852494
XA,MP,5331625001S,AFO,2810,Trade Orders,2021-09-01,3,0.063284165,0.189852494
XA,MP,5331625001S,AFO,2810,Trade Orders,2021-10-01,6,0.063284165,0.379704988
XA,MP,5331625001S,AFO,2810,Trade Orders,2021-11-01,6,0.063284165,0.379704988
XA,MP,5331625001S,AFO,2810,Trade Orders,2021-12-01,3,0.063284165,0.189852494
XA,MP,5331625001S,AFO,2810,Trade Orders,2022-01-01,4,0.063284165,0.253136659
XA,MP,5331625001S,AFO,2810,Trade Orders,2022-02-01,2,0.063284165,0.126568329
XA,MP,5331625001S,AFO,2810,Trade Orders,2022-03-01,3,0.063284165,0.189852494
XA,MP,5331625001S,AFO,2810,Trade Orders,2022-04-01,4,0.063284165,0.253136659
XA,MP,5331625001S,AFO,2810,Trade Orders,2022-05-01,2,0.063284165,0.126568329
XA,MP,5331625001S,AFO,2810,Trade Orders,2022-06-01,1,0.063284165,0.063284165
XA,MP,5331625001S,AFO,2810,Trade Orders,2022-07-01,3,0.063284165,0.189852494
XA,MP,5331625001S,AFO,2810,Trade Orders,2022-08-01,1,0.063284165,0.063284165
XA,MP,5331625001S,AFO,2810,Trade Orders,2022-10-01,7,0.063284165,0.442989152
XA,MP,5331625001S,AFO,2810,Trade Orders,2022-11-01,2,0.063284165,0.126568329
XA,MP,5331625001S,AFO,2810,Trade Orders,2022-12-01,1,0.063284165,0.063284165
XA,MP,5331625001S,AFO,2810,Trade Orders,2023-01-01,6,0.063284165,0.379704988
XA,MP,5331625001S,AFO,2810,Trade Orders,2023-02-01,3,0.063284165,0.189852494
XA,MP,5331625001S,AFO,2810,Trade Orders,2023-03-01,1,0.063284165,0.063284165
XA,MP,5331625001S,AFO,2810,Trade Orders,2023-04-01,5,0.063284165,0.316420823
XA,MP,5331625001S,AFO,2810,Trade Orders,2023-05-01,2,0.063284165,0.126568329
XA,MP,5331625001S,AFO,2810,Trade Orders,2023-07-01,1,0.063284165,0.063284165
XA,MP,5331625001S,AFO,2810,Trade Orders,2023-08-01,3,0.063284165,0.189852494
XA,MP,5331625001S,AFO,2810,Trade Orders,2023-09-01,2,0.063284165,0.126568329
XA,MP,5331625001S,AFO,2810,Trade Orders,2023-10-01,2,0.063284165,0.126568329
XA,MP,5331625001S,AFO,2810,Trade Orders,2023-11-01,3,0.063284165,0.189852494
XA,MP,5331625001S,AFO,2810,Trade Orders,2024-01-01,1,0.063284165,0.063284165
XA,MP,5331625001S,AFO,2810,Trade Orders,2024-02-01,1,0.063284165,0.063284165
XA,MP,5331625001S,AFO,2810,Trade Orders,2024-03-01,4,0.063284165,0.253136659
XA,MP,5331625001S,AFO,2810,Trade Orders,2024-05-01,4,0.063284165,0.253136659
XA,MP,5331625001S,AFO,2810,Trade Orders,2024-06-01,2,0.063284165,0.126568329
XA,MP,5331625001S,AFO,2810,Trade Orders,2024-07-01,1,0.063284165,0.063284165
XA,MP,5331625001S,AFO,2810,Trade Orders,2024-08-01,3,0.063284165,0.189852494
XA,MP,5331625001S,AFO,2810,Trade Orders,2024-09-01,2,0.063284165,0.126568329
XA,MP,5331625001S,AFO,2810,Trade Orders,2024-10-01,2,0.063284165,0.126568329
XA,MP,5331625001S,AFO,2810,Trade Orders,2024-11-01,4,0.063284165,0.253136659
XA,MP,5331625001S,AFO,2810,Trade Orders,2025-01-01,1,0.063284165,0.063284165
XA,MP,5331625001S,AFO,2810,Trade Orders,2025-03-01,2,0.063284165,0.126568329
XA,MP,5331625001S,AFO,2810,Trade Orders,2025-04-01,3,0.063284165,0.189852494
XA,MP,5331625001S,AFO,2810,Trade Orders,2025-05-01,3,0.063284165,0.189852494
XA,MP,5331625001S,AFO,2810,Trade Orders,2025-06-01,1,0.063284165,0.063284165
XA,MP,5331625001S,AFO,2810,Trade Orders,2025-07-01,3,0.063284165,0.189852494
XA,MP,5331625001S,AFO,2810,Trade Orders,2025-10-01,1,0.063284165,0.063284165
XA,MP,5331625001S,AFO,2810,Trade Orders,2025-11-01,2,0.063284165,0.126568329
XA,MP,5331625001S,AFO,2810,Trade Orders,2025-12-01,2,0.063284165,0.126568329
XA,MP,5331625001S,AFO,2810,Trade Orders,2026-01-01,2,0.063284165,0.126568329
XA,MP,5331625001S,AFO,2810,Trade Orders,2026-03-01,2,0.063284165,0.126568329
XA,MP,5331625001S,APAC,SG10,ZGIO,2022-11-01,1,0.055618518,
XA,MP,5331625001S,APAC,SG10,Trade Orders,2025-12-01,1,0.055618518,0.055618518
XA,MP,5331625001S,GCFO,SG10,Trade Orders,2021-04-01,1,0.074470035,0.074470035
XA,MP,5331625001S,GCFO,SG10,Trade Orders,2021-06-01,1,0.074470035,0.074470035
XA,MP,5331625001S,GCFO,SG10,Trade Orders,2021-08-01,1,0.074470035,0.074470035
XA,MP,5331625001S,GCFO,SG10,Trade Orders,2021-10-01,1,0.074470035,0.074470035
XA,MP,5331625001S,GCFO,SG10,Trade Orders,2021-11-01,1,0.074470035,0.074470035
XA,MP,5331625001S,GCFO,SG10,Trade Orders,2021-12-01,1,0.074470035,0.074470035
XA,MP,5331625001S,GCFO,SG10,Trade Orders,2022-07-01,1,0.074470035,0.074470035
XA,MP,5331625001S,GCFO,SG10,Trade Orders,2023-03-01,1,0.074470035,0.074470035
XA,NovoCyte-CE IVD,2010004CE,APAC,SG10,Trade Orders,2022-08-01,1,0.07240004,0.07240004
XA,NovoCyte-CE IVD,2010004CE,APAC,SG10,Trade Orders,2024-03-01,1,0.07240004,0.07240004
XA,NovoCyte-CE IVD,2010004CE,APAC,SG10,Trade Orders,2025-11-01,1,0.07240004,0.07240004
XA,NovoCyte-CE IVD,2010004CE,EMEA,B410,Trade Orders,2024-10-01,1,0.089521115,0.089521115
XA,NovoCyte-CE IVD,2010011CE,EMEA,B410,Trade Orders,2023-05-01,1,0.089521115,0.089521115
XA,NovoCyte-CE IVD,2010011CE,EMEA,B410,Trade Orders,2025-04-01,1,0.089521115,0.089521115
XA,NovoCyte-CE IVD,2010064CE,EMEA,B410,Trade Orders,2021-08-01,1,0.089521115,0.089521115
XA,NovoCyte-CE IVD,2010064CE,EMEA,B410,Trade Orders,2024-01-01,1,0.089521115,0.089521115
XA,NovoCyte-IVD,3990101,GCFO,R805,Trade Orders,2024-06-01,1,0.044052104,0.044052104
XA,NovoCyte-IVD,3990102,GCFO,R805,Trade Orders,2020-10-01,1,0.044052104,0.044052104
XA,NovoCyte-IVD,3990102,GCFO,R805,Trade Orders,2020-12-01,1,0.044052104,0.044052104
XA,NovoCyte-IVD,3990102,GCFO,R805,Trade Orders,2021-03-01,1,0.044052104,0.044052104
XA,NovoCyte-IVD,3990103,GCFO,R805,Trade Orders,2022-08-01,1,0.044052104,0.044052104
XA,NovoCyte-IVD,3990103,GCFO,R805,Trade Orders,2022-11-01,1,0.044052104,0.044052104
XA,NovoCyte-IVD,3990103,GCFO,R805,Trade Orders,2023-01-01,1,0.044052104,0.044052104
XA,NovoCyte-IVD,3990103,GCFO,R805,Trade Orders,2023-02-01,1,0.044052104,0.044052104
XA,NovoCyte-IVD,3990104,GCFO,R805,Trade Orders,2021-07-01,1,0.044052104,0.044052104
XA,NovoCyte-IVD,3990104,GCFO,R805,Trade Orders,2022-08-01,1,0.044052104,0.044052104
XA,NovoCyte-IVD,3990104,GCFO,R805,Trade Orders,2022-10-01,2,0.044052104,0.088104208
XA,NovoCyte-IVD,3990104,GCFO,R805,Trade Orders,2023-03-01,1,0.044052104,0.044052104
XA,NovoCyte-IVD,3990201,GCFO,R805,ZSD1,2021-03-01,2,0.044052104,
XA,NovoCyte-IVD,3990201,GCFO,R805,Trade Orders,2020-10-01,1,0.044052104,0.044052104
XA,NovoCyte-IVD,3990201,GCFO,R805,Trade Orders,2020-11-01,3,0.044052104,0.132156312
XA,NovoCyte-IVD,3990201,GCFO,R805,Trade Orders,2020-12-01,1,0.044052104,0.044052104
XA,NovoCyte-IVD,3990201,GCFO,R805,Trade Orders,2021-01-01,5,0.044052104,0.22026052
XA,NovoCyte-IVD,3990201,GCFO,R805,Trade Orders,2021-02-01,3,0.044052104,0.132156312
XA,NovoCyte-IVD,3990201,GCFO,R805,Trade Orders,2021-03-01,3,0.044052104,0.132156312
XA,NovoCyte-IVD,3990201,GCFO,R805,Trade Orders,2021-04-01,3,0.044052104,0.132156312
XA,NovoCyte-IVD,3990201,GCFO,R805,Trade Orders,2021-05-01,3,0.044052104,0.132156312
XA,NovoCyte-IVD,3990201,GCFO,R805,Trade Orders,2021-06-01,1,0.044052104,0.044052104
XA,NovoCyte-IVD,3990201,GCFO,R805,Trade Orders,2021-07-01,4,0.044052104,0.176208416
XA,NovoCyte-IVD,3990201,GCFO,R805,Trade Orders,2021-08-01,3,0.044052104,0.132156312
XA,NovoCyte-IVD,3990201,GCFO,R805,Trade Orders,2021-09-01,3,0.044052104,0.132156312
XA,NovoCyte-IVD,3990201,GCFO,R805,Trade Orders,2021-10-01,5,0.044052104,0.22026052
XA,NovoCyte-IVD,3990201,GCFO,R805,Trade Orders,2021-11-01,5,0.044052104,0.22026052
XA,NovoCyte-IVD,3990201,GCFO,R805,Trade Orders,2021-12-01,2,0.044052104,0.088104208
XA,NovoCyte-IVD,3990201,GCFO,R805,Trade Orders,2022-01-01,2,0.044052104,0.088104208
XA,NovoCyte-IVD,3990201,GCFO,R805,Trade Orders,2022-02-01,2,0.044052104,0.088104208
XA,NovoCyte-IVD,3990201,GCFO,R805,Trade Orders,2022-03-01,2,0.044052104,0.088104208
XA,NovoCyte-IVD,3990201,GCFO,R805,Trade Orders,2022-04-01,2,0.044052104,0.088104208
XA,NovoCyte-IVD,3990201,GCFO,R805,Trade Orders,2022-06-01,1,0.044052104,0.044052104
XA,NovoCyte-IVD,3990201,GCFO,R805,Trade Orders,2022-10-01,1,0.044052104,0.044052104
XA,NovoCyte-IVD,3990201,GCFO,R805,Trade Orders,2022-11-01,2,0.044052104,0.088104208
XA,NovoCyte-IVD,3990201,GCFO,R805,Trade Orders,2022-12-01,1,0.044052104,0.044052104
XA,NovoCyte-IVD,3990201,GCFO,R805,Trade Orders,2023-01-01,2,0.044052104,0.088104208
XA,NovoCyte-IVD,3990201,GCFO,R805,Trade Orders,2023-03-01,2,0.044052104,0.088104208
XA,NovoCyte-IVD,3990201,GCFO,R805,Trade Orders,2023-04-01,1,0.044052104,0.044052104
XA,NovoCyte-IVD,3990201,GCFO,R805,Trade Orders,2023-06-01,2,0.044052104,0.088104208
XA,NovoCyte-IVD,3990201,GCFO,R805,Trade Orders,2023-07-01,1,0.044052104,0.044052104
XA,NovoCyte-IVD,3990201,GCFO,R805,Trade Orders,2023-10-01,2,0.044052104,0.088104208
XA,NovoCyte-IVD,3990201,GCFO,R805,Trade Orders,2024-01-01,1,0.044052104,0.044052104
XA,NovoCyte-IVD,3990201,GCFO,R805,Trade Orders,2024-02-01,3,0.044052104,0.132156312
XA,NovoCyte-IVD,3990201,GCFO,R805,Trade Orders,2024-03-01,1,0.044052104,0.044052104
XA,NovoCyte-IVD,3990201,GCFO,R805,Trade Orders,2024-04-01,1,0.044052104,0.044052104
XA,NovoCyte-IVD,3990201,GCFO,R805,Trade Orders,2024-06-01,2,0.044052104,0.088104208
XA,NovoCyte-IVD,3990201,GCFO,R805,Trade Orders,2024-07-01,1,0.044052104,0.044052104
XA,NovoCyte-IVD,3990201,GCFO,R805,Trade Orders,2025-01-01,1,0.044052104,0.044052104
XA,NovoCyte-IVD,3990201,GCFO,R805,Trade Orders,2025-05-01,1,0.044052104,0.044052104
XA,NovoCyte-IVD,3990201,GCFO,R805,Trade Orders,2025-11-01,1,0.044052104,0.044052104
XA,NovoCyte-IVD,3990201,GCFO,R805,Trade Orders,2026-01-01,1,0.044052104,0.044052104
XA,NovoCyte-IVD,3990203,GCFO,R805,ZGIO,2022-02-01,2,0.044052104,
XA,NovoCyte-IVD,3990203,GCFO,R805,Trade Orders,2020-11-01,1,0.044052104,0.044052104
XA,NovoCyte-IVD,3990203,GCFO,R805,Trade Orders,2020-12-01,4,0.044052104,0.176208416
XA,NovoCyte-IVD,3990203,GCFO,R805,Trade Orders,2021-01-01,2,0.044052104,0.088104208
XA,NovoCyte-IVD,3990203,GCFO,R805,Trade Orders,2021-02-01,1,0.044052104,0.044052104
XA,NovoCyte-IVD,3990203,GCFO,R805,Trade Orders,2021-04-01,1,0.044052104,0.044052104
XA,NovoCyte-IVD,3990203,GCFO,R805,Trade Orders,2021-05-01,3,0.044052104,0.132156312
XA,NovoCyte-IVD,3990203,GCFO,R805,Trade Orders,2021-07-01,1,0.044052104,0.044052104
XA,NovoCyte-IVD,3990203,GCFO,R805,Trade Orders,2021-08-01,2,0.044052104,0.088104208
XA,NovoCyte-IVD,3990203,GCFO,R805,Trade Orders,2021-09-01,1,0.044052104,0.044052104
XA,NovoCyte-IVD,3990203,GCFO,R805,Trade Orders,2021-10-01,4,0.044052104,0.176208416
XA,NovoCyte-IVD,3990203,GCFO,R805,Trade Orders,2021-11-01,4,0.044052104,0.176208416
XA,NovoCyte-IVD,3990203,GCFO,R805,Trade Orders,2021-12-01,1,0.044052104,0.044052104
XA,NovoCyte-IVD,3990203,GCFO,R805,Trade Orders,2022-01-01,1,0.044052104,0.044052104
XA,NovoCyte-IVD,3990203,GCFO,R805,Trade Orders,2022-02-01,2,0.044052104,0.088104208
XA,NovoCyte-IVD,3990203,GCFO,R805,Trade Orders,2022-03-01,4,0.044052104,0.176208416
XA,NovoCyte-IVD,3990203,GCFO,R805,Trade Orders,2022-04-01,4,0.044052104,0.176208416
XA,NovoCyte-IVD,3990203,GCFO,R805,Trade Orders,2022-05-01,2,0.044052104,0.088104208
XA,NovoCyte-IVD,3990203,GCFO,R805,Trade Orders,2022-06-01,4,0.044052104,0.176208416
XA,NovoCyte-IVD,3990203,GCFO,R805,Trade Orders,2022-07-01,5,0.044052104,0.22026052
XA,NovoCyte-IVD,3990203,GCFO,R805,Trade Orders,2022-08-01,4,0.044052104,0.176208416
XA,NovoCyte-IVD,3990203,GCFO,R805,Trade Orders,2022-09-01,3,0.044052104,0.132156312
XA,NovoCyte-IVD,3990203,GCFO,R805,Trade Orders,2022-10-01,5,0.044052104,0.22026052
XA,NovoCyte-IVD,3990203,GCFO,R805,Trade Orders,2022-11-01,1,0.044052104,0.044052104
XA,NovoCyte-IVD,3990203,GCFO,R805,Trade Orders,2022-12-01,3,0.044052104,0.132156312
XA,NovoCyte-IVD,3990203,GCFO,R805,Trade Orders,2023-01-01,5,0.044052104,0.22026052
XA,NovoCyte-IVD,3990203,GCFO,R805,Trade Orders,2023-02-01,1,0.044052104,0.044052104
XA,NovoCyte-IVD,3990203,GCFO,R805,Trade Orders,2023-03-01,3,0.044052104,0.132156312
XA,NovoCyte-IVD,3990203,GCFO,R805,Trade Orders,2023-04-01,1,0.044052104,0.044052104
XA,NovoCyte-IVD,3990203,GCFO,R805,Trade Orders,2023-05-01,1,0.044052104,0.044052104
XA,NovoCyte-IVD,3990203,GCFO,R805,Trade Orders,2023-06-01,3,0.044052104,0.132156312
XA,NovoCyte-IVD,3990203,GCFO,R805,Trade Orders,2023-07-01,3,0.044052104,0.132156312
XA,NovoCyte-IVD,3990203,GCFO,R805,Trade Orders,2023-08-01,6,0.044052104,0.264312623
XA,NovoCyte-IVD,3990203,GCFO,R805,Trade Orders,2023-09-01,2,0.044052104,0.088104208
XA,NovoCyte-IVD,3990203,GCFO,R805,Trade Orders,2023-10-01,2,0.044052104,0.088104208
XA,NovoCyte-IVD,3990203,GCFO,R805,Trade Orders,2023-11-01,1,0.044052104,0.044052104
XA,NovoCyte-IVD,3990203,GCFO,R805,Trade Orders,2023-12-01,2,0.044052104,0.088104208
XA,NovoCyte-IVD,3990203,GCFO,R805,Trade Orders,2024-03-01,1,0.044052104,0.044052104
XA,NovoCyte-IVD,3990203,GCFO,R805,Trade Orders,2024-04-01,6,0.044052104,0.264312623
XA,NovoCyte-IVD,3990203,GCFO,R805,Trade Orders,2024-05-01,3,0.044052104,0.132156312
XA,NovoCyte-IVD,3990203,GCFO,R805,Trade Orders,2024-06-01,1,0.044052104,0.044052104
XA,NovoCyte-IVD,3990203,GCFO,R805,Trade Orders,2024-07-01,2,0.044052104,0.088104208
XA,NovoCyte-IVD,3990203,GCFO,R805,Trade Orders,2024-08-01,5,0.044052104,0.22026052
XA,NovoCyte-IVD,3990203,GCFO,R805,Trade Orders,2024-09-01,1,0.044052104,0.044052104
XA,NovoCyte-IVD,3990203,GCFO,R805,Trade Orders,2024-10-01,1,0.044052104,0.044052104
XA,NovoCyte-IVD,3990203,GCFO,R805,Trade Orders,2024-11-01,1,0.044052104,0.044052104
XA,NovoCyte-IVD,3990203,GCFO,R805,Trade Orders,2025-01-01,1,0.044052104,0.044052104
XA,NovoCyte-IVD,3990203,GCFO,R805,Trade Orders,2025-03-01,3,0.044052104,0.132156312
XA,NovoCyte-IVD,3990203,GCFO,R805,Trade Orders,2025-04-01,2,0.044052104,0.088104208
XA,NovoCyte-IVD,3990203,GCFO,R805,Trade Orders,2025-05-01,2,0.044052104,0.088104208
XA,NovoCyte-IVD,3990203,GCFO,R805,Trade Orders,2025-06-01,1,0.044052104,0.044052104
XA,NovoCyte-IVD,3990203,GCFO,R805,Trade Orders,2025-11-01,2,0.044052104,0.088104208
XA,NovoCyte-IVD,3990203,GCFO,R805,Trade Orders,2025-12-01,2,0.044052104,0.088104208
XA,NovoCyte-IVD,3990203,GCFO,R805,Trade Orders,2026-01-01,2,0.044052104,0.088104208
XA,NovoCyte-IVD,3990203,GCFO,R805,Trade Orders,2026-02-01,1,0.044052104,0.044052104
XA,NovoCyte-IVD,3990203,GCFO,R805,Trade Orders,2026-05-01,1,0.044052104,0.044052104
XA,NovoCyte-IVD,3990204,GCFO,R805,Trade Orders,2021-10-01,1,0.044052104,0.044052104
XA,NovoCyte-IVD,3990301,GCFO,R805,ZGIO,2022-02-01,1,0.044052104,
XA,NovoCyte-IVD,3990301,GCFO,R805,ZSD1,2021-08-01,1,0.044052104,
XA,NovoCyte-IVD,3990301,GCFO,R805,ZSD1,2025-06-01,1,0.044052104,
XA,NovoCyte-IVD,3990301,GCFO,R805,Trade Orders,2021-02-01,1,0.044052104,0.044052104
XA,NovoCyte-IVD,3990301,GCFO,R805,Trade Orders,2021-03-01,1,0.044052104,0.044052104
XA,NovoCyte-IVD,3990301,GCFO,R805,Trade Orders,2021-04-01,1,0.044052104,0.044052104
XA,NovoCyte-IVD,3990301,GCFO,R805,Trade Orders,2021-05-01,1,0.044052104,0.044052104
XA,NovoCyte-IVD,3990301,GCFO,R805,Trade Orders,2021-07-01,3,0.044052104,0.132156312
XA,NovoCyte-IVD,3990301,GCFO,R805,Trade Orders,2021-09-01,5,0.044052104,0.22026052
XA,NovoCyte-IVD,3990301,GCFO,R805,Trade Orders,2021-10-01,4,0.044052104,0.176208416
XA,NovoCyte-IVD,3990301,GCFO,R805,Trade Orders,2021-11-01,4,0.044052104,0.176208416
XA,NovoCyte-IVD,3990301,GCFO,R805,Trade Orders,2021-12-01,2,0.044052104,0.088104208
XA,NovoCyte-IVD,3990301,GCFO,R805,Trade Orders,2022-01-01,2,0.044052104,0.088104208
XA,NovoCyte-IVD,3990301,GCFO,R805,Trade Orders,2022-02-01,1,0.044052104,0.044052104
XA,NovoCyte-IVD,3990301,GCFO,R805,Trade Orders,2022-05-01,4,0.044052104,0.176208416
XA,NovoCyte-IVD,3990301,GCFO,R805,Trade Orders,2022-07-01,3,0.044052104,0.132156312
XA,NovoCyte-IVD,3990301,GCFO,R805,Trade Orders,2022-08-01,2,0.044052104,0.088104208
XA,NovoCyte-IVD,3990301,GCFO,R805,Trade Orders,2022-09-01,1,0.044052104,0.044052104
XA,NovoCyte-IVD,3990301,GCFO,R805,Trade Orders,2022-10-01,8,0.044052104,0.352416831
XA,NovoCyte-IVD,3990301,GCFO,R805,Trade Orders,2022-11-01,3,0.044052104,0.132156312
XA,NovoCyte-IVD,3990301,GCFO,R805,Trade Orders,2022-12-01,1,0.044052104,0.044052104
XA,NovoCyte-IVD,3990301,GCFO,R805,Trade Orders,2023-01-01,2,0.044052104,0.088104208
XA,NovoCyte-IVD,3990301,GCFO,R805,Trade Orders,2023-02-01,1,0.044052104,0.044052104
XA,NovoCyte-IVD,3990301,GCFO,R805,Trade Orders,2023-03-01,3,0.044052104,0.132156312
XA,NovoCyte-IVD,3990301,GCFO,R805,Trade Orders,2023-06-01,1,0.044052104,0.044052104
XA,NovoCyte-IVD,3990301,GCFO,R805,Trade Orders,2023-07-01,1,0.044052104,0.044052104
XA,NovoCyte-IVD,3990301,GCFO,R805,Trade Orders,2023-09-01,2,0.044052104,0.088104208
XA,NovoCyte-IVD,3990301,GCFO,R805,Trade Orders,2023-12-01,1,0.044052104,0.044052104
XA,NovoCyte-IVD,3990301,GCFO,R805,Trade Orders,2025-01-01,1,0.044052104,0.044052104
XA,NovoCyte-IVD,3990301,GCFO,R805,Trade Orders,2025-04-01,3,0.044052104,0.132156312
XA,NovoCyte-IVD,3990301,GCFO,R805,Trade Orders,2025-06-01,1,0.044052104,0.044052104
XA,NovoCyte-IVD,3990301,GCFO,R805,Trade Orders,2025-09-01,1,0.044052104,0.044052104
XA,NovoCyte-IVD,3990301,GCFO,R805,Trade Orders,2025-11-01,1,0.044052104,0.044052104
XA,NovoCyte-IVD,3990303,GCFO,R805,Trade Orders,2023-01-01,1,0.044052104,0.044052104
XA,NovoCyte-IVD,3990303,GCFO,R805,Trade Orders,2024-04-01,1,0.044052104,0.044052104
XA,NovoCyte-IVD,4990102,GCFO,R805,Trade Orders,2021-01-01,5,0.044052104,0.22026052
XA,NovoCyte-IVD,4990102,GCFO,R805,Trade Orders,2021-06-01,2,0.044052104,0.088104208
XA,NovoCyte-IVD,4990102,GCFO,R805,Trade Orders,2021-09-01,2,0.044052104,0.088104208
XA,NovoCyte-IVD,4990102,GCFO,R805,Trade Orders,2021-10-01,1,0.044052104,0.044052104
XA,NovoCyte-IVD,4990102,GCFO,R805,Trade Orders,2021-11-01,1,0.044052104,0.044052104
XA,NovoCyte-IVD,4990102,GCFO,R805,Trade Orders,2021-12-01,1,0.044052104,0.044052104
XA,NovoCyte-IVD,4990102,GCFO,R805,Trade Orders,2022-01-01,1,0.044052104,0.044052104
XA,NovoCyte-IVD,4990102,GCFO,R805,Trade Orders,2022-02-01,2,0.044052104,0.088104208
XA,NovoCyte-IVD,4990102,GCFO,R805,Trade Orders,2022-03-01,1,0.044052104,0.044052104
XA,NovoCyte-IVD,4990102,GCFO,R805,Trade Orders,2022-12-01,2,0.044052104,0.088104208
XA,NovoCyte-IVD,4990102,GCFO,R805,Trade Orders,2023-01-01,1,0.044052104,0.044052104
XA,NovoCyte-IVD,4990102,GCFO,R805,Trade Orders,2023-04-01,1,0.044052104,0.044052104
XA,NovoCyte-IVD,4990102,GCFO,R805,Trade Orders,2025-02-01,1,0.044052104,0.044052104
XA,NovoCyte-IVD,4990104,GCFO,R805,Trade Orders,2020-11-01,11,0.044052104,0.484573143
XA,NovoCyte-IVD,4990104,GCFO,R805,Trade Orders,2020-12-01,10,0.044052104,0.440521039
XA,NovoCyte-IVD,4990104,GCFO,R805,Trade Orders,2022-02-01,5,0.044052104,0.22026052
XA,NovoCyte-IVD,4990104,GCFO,R805,Trade Orders,2023-02-01,2,0.044052104,0.088104208
XA,NovoCyte-IVD,4990104,GCFO,R805,Trade Orders,2024-04-01,2,0.044052104,0.088104208
XA,NovoCyte-IVD,4990201,GCFO,R805,ZSD1,2023-04-01,1,0.044052104,
XA,NovoCyte-IVD,4990201,GCFO,R805,Trade Orders,2020-12-01,1,0.044052104,0.044052104
XA,NovoCyte-IVD,4990201,GCFO,R805,Trade Orders,2021-01-01,1,0.044052104,0.044052104
XA,NovoCyte-IVD,4990201,GCFO,R805,Trade Orders,2021-06-01,2,0.044052104,0.088104208
XA,NovoCyte-IVD,4990201,GCFO,R805,Trade Orders,2021-07-01,2,0.044052104,0.088104208
XA,NovoCyte-IVD,4990201,GCFO,R805,Trade Orders,2021-08-01,1,0.044052104,0.044052104
XA,NovoCyte-IVD,4990201,GCFO,R805,Trade Orders,2021-10-01,3,0.044052104,0.132156312
XA,NovoCyte-IVD,4990201,GCFO,R805,Trade Orders,2021-11-01,1,0.044052104,0.044052104
XA,NovoCyte-IVD,4990201,GCFO,R805,Trade Orders,2021-12-01,2,0.044052104,0.088104208
XA,NovoCyte-IVD,4990201,GCFO,R805,Trade Orders,2022-01-01,2,0.044052104,0.088104208
XA,NovoCyte-IVD,4990201,GCFO,R805,Trade Orders,2022-03-01,1,0.044052104,0.044052104
XA,NovoCyte-IVD,4990201,GCFO,R805,Trade Orders,2022-04-01,1,0.044052104,0.044052104
XA,NovoCyte-IVD,4990201,GCFO,R805,Trade Orders,2022-05-01,1,0.044052104,0.044052104
XA,NovoCyte-IVD,4990201,GCFO,R805,Trade Orders,2022-06-01,1,0.044052104,0.044052104
XA,NovoCyte-IVD,4990201,GCFO,R805,Trade Orders,2022-07-01,2,0.044052104,0.088104208
XA,NovoCyte-IVD,4990201,GCFO,R805,Trade Orders,2022-11-01,2,0.044052104,0.088104208
XA,NovoCyte-IVD,4990201,GCFO,R805,Trade Orders,2023-01-01,1,0.044052104,0.044052104
XA,NovoCyte-IVD,4990201,GCFO,R805,Trade Orders,2023-07-01,1,0.044052104,0.044052104
XA,NovoCyte-IVD,4990201,GCFO,R805,Trade Orders,2023-12-01,2,0.044052104,0.088104208
XA,NovoCyte-IVD,4990201,GCFO,R805,Trade Orders,2024-02-01,2,0.044052104,0.088104208
XA,NovoCyte-IVD,4990201,GCFO,R805,Trade Orders,2024-04-01,1,0.044052104,0.044052104
XA,NovoCyte-IVD,4990201,GCFO,R805,Trade Orders,2024-05-01,2,0.044052104,0.088104208
XA,NovoCyte-IVD,4990201,GCFO,R805,Trade Orders,2024-07-01,1,0.044052104,0.044052104
XA,NovoCyte-IVD,4990201,GCFO,R805,Trade Orders,2024-09-01,3,0.044052104,0.132156312
XA,NovoCyte-IVD,4990201,GCFO,R805,Trade Orders,2024-11-01,1,0.044052104,0.044052104
XA,NovoCyte-IVD,4990201,GCFO,R805,Trade Orders,2025-04-01,1,0.044052104,0.044052104
XA,NovoCyte-IVD,4990201,GCFO,R805,Trade Orders,2025-05-01,52,0.044052104,2.290709403
XA,NovoCyte-IVD,4990201,GCFO,R805,Trade Orders,2025-06-01,3,0.044052104,0.132156312
XA,NovoCyte-IVD,4990201,GCFO,R805,Trade Orders,2025-11-01,1,0.044052104,0.044052104
XA,NovoCyte-IVD,4990201,GCFO,R805,Trade Orders,2025-12-01,1,0.044052104,0.044052104
XA,NovoCyte-IVD,4990201,GCFO,R805,Trade Orders,2026-04-01,1,0.044052104,0.044052104
XA,NovoCyte-IVD,4990203,GCFO,R805,ZSD2,2025-03-01,1,0.044052104,
XA,NovoCyte-IVD,4990203,GCFO,R805,Trade Orders,2020-12-01,1,0.044052104,0.044052104
XA,NovoCyte-IVD,4990203,GCFO,R805,Trade Orders,2021-05-01,1,0.044052104,0.044052104
XA,NovoCyte-IVD,4990203,GCFO,R805,Trade Orders,2021-07-01,1,0.044052104,0.044052104
XA,NovoCyte-IVD,4990203,GCFO,R805,Trade Orders,2021-12-01,1,0.044052104,0.044052104
XA,NovoCyte-IVD,4990203,GCFO,R805,Trade Orders,2022-01-01,1,0.044052104,0.044052104
XA,NovoCyte-IVD,4990203,GCFO,R805,Trade Orders,2022-02-01,1,0.044052104,0.044052104
XA,NovoCyte-IVD,4990203,GCFO,R805,Trade Orders,2022-03-01,1,0.044052104,0.044052104
XA,NovoCyte-IVD,4990203,GCFO,R805,Trade Orders,2022-07-01,1,0.044052104,0.044052104
XA,NovoCyte-IVD,4990203,GCFO,R805,Trade Orders,2022-12-01,1,0.044052104,0.044052104
XA,NovoCyte-IVD,4990203,GCFO,R805,Trade Orders,2023-07-01,1,0.044052104,0.044052104
XA,NovoCyte-IVD,4990203,GCFO,R805,Trade Orders,2023-08-01,1,0.044052104,0.044052104
XA,NovoCyte-IVD,4990203,GCFO,R805,Trade Orders,2023-11-01,1,0.044052104,0.044052104
XA,NovoCyte-IVD,4990203,GCFO,R805,Trade Orders,2024-01-01,1,0.044052104,0.044052104
XA,NovoCyte-IVD,4990203,GCFO,R805,Trade Orders,2025-02-01,1,0.044052104,0.044052104
XA,NovoCyte-IVD,4990203,GCFO,R805,Trade Orders,2025-09-01,1,0.044052104,0.044052104
XA,NovoCyte-IVD,4990203,GCFO,R805,Trade Orders,2026-02-01,1,0.044052104,0.044052104
XA,NovoCyte-IVD,4990301,GCFO,R805,Trade Orders,2021-11-01,1,0.044052104,0.044052104
XA,NovoCyte-IVD,4990301,GCFO,R805,Trade Orders,2022-12-01,1,0.044052104,0.044052104
XA,NovoCyte-IVD,4990301,GCFO,R805,Trade Orders,2023-04-01,2,0.044052104,0.088104208
XA,NovoCyte-IVD,4990301,GCFO,R805,Trade Orders,2023-05-01,1,0.044052104,0.044052104
XA,NovoCyte-IVD,4990301,GCFO,R805,Trade Orders,2023-06-01,1,0.044052104,0.044052104
XA,NovoCyte-IVD,4990301,GCFO,R805,Trade Orders,2023-07-01,1,0.044052104,0.044052104
XA,NovoCyte-IVD,4990301,GCFO,R805,Trade Orders,2023-10-01,2,0.044052104,0.088104208
XA,NovoCyte-IVD,4990301,GCFO,R805,Trade Orders,2023-11-01,1,0.044052104,0.044052104
XA,NovoCyte-IVD,4990301,GCFO,R805,Trade Orders,2024-01-01,1,0.044052104,0.044052104
XA,NovoCyte-IVD,4990301,GCFO,R805,Trade Orders,2024-04-01,1,0.044052104,0.044052104
XA,NovoCyte-IVD,4990301,GCFO,R805,Trade Orders,2024-05-01,1,0.044052104,0.044052104
XA,NovoCyte-IVD,4990301,GCFO,R805,Trade Orders,2024-07-01,1,0.044052104,0.044052104
XA,NovoCyte-IVD,4990301,GCFO,R805,Trade Orders,2024-10-01,1,0.044052104,0.044052104
XA,NovoCyte-IVD,4990301,GCFO,R805,Trade Orders,2025-01-01,1,0.044052104,0.044052104
XA,NovoCyte-IVD,4990301,GCFO,R805,Trade Orders,2025-03-01,1,0.044052104,0.044052104
XA,NovoCyte-IVD,4990301,GCFO,R805,Trade Orders,2025-04-01,1,0.044052104,0.044052104
XA,NovoCyte-IVD,4990301,GCFO,R805,Trade Orders,2025-05-01,1,0.044052104,0.044052104
XA,NovoCyte-IVD,4990301,GCFO,R805,Trade Orders,2025-06-01,1,0.044052104,0.044052104
XA,NovoCyte-IVD,4990301,GCFO,R805,Trade Orders,2025-07-01,1,0.044052104,0.044052104
XA,NovoCyte-IVD,4990301,GCFO,R805,Trade Orders,2025-08-01,1,0.044052104,0.044052104
XA,NovoCyte-IVD,4990301,GCFO,R805,Trade Orders,2025-10-01,3,0.044052104,0.132156312
XA,NovoCyte-IVD,4990301,GCFO,R805,Trade Orders,2025-11-01,1,0.044052104,0.044052104
XA,NovoCyte-IVD,4990301,GCFO,R805,Trade Orders,2026-01-01,1,0.044052104,0.044052104
XA,NovoCyte-IVD,4990301,GCFO,R805,Trade Orders,2026-03-01,1,0.044052104,0.044052104
XA,NovoCyte-RUO,2010001,AFO,2810,Trade Orders,2021-09-01,1,0.067699304,0.067699304
XA,NovoCyte-RUO,2010001,AFO,2810,Trade Orders,2021-11-01,1,0.067699304,0.067699304
XA,NovoCyte-RUO,2010001,AFO,2810,Trade Orders,2022-05-01,1,0.067699304,0.067699304
XA,NovoCyte-RUO,2010001,AFO,2810,Trade Orders,2023-05-01,1,0.067699304,0.067699304
XA,NovoCyte-RUO,2010001,AFO,2810,Trade Orders,2024-09-01,1,0.067699304,0.067699304
XA,NovoCyte-RUO,2010001,AFO,2810,Trade Orders,2024-10-01,2,0.067699304,0.135398608
XA,NovoCyte-RUO,2010001,AFO,2810,Trade Orders,2024-12-01,1,0.067699304,0.067699304
XA,NovoCyte-RUO,2010001,APAC,AY10,Trade Orders,2021-05-01,1,0.055009902,0.055009902
XA,NovoCyte-RUO,2010001,APAC,SG10,Trade Orders,2020-10-01,1,0.055009902,0.055009902
XA,NovoCyte-RUO,2010001,APAC,SG10,Trade Orders,2020-11-01,1,0.055009902,0.055009902
XA,NovoCyte-RUO,2010001,APAC,SG10,Trade Orders,2023-01-01,2,0.055009902,0.110019804
XA,NovoCyte-RUO,2010001,APAC,SG10,Trade Orders,2023-08-01,1,0.055009902,0.055009902
XA,NovoCyte-RUO,2010001,APAC,SG10,Trade Orders,2024-06-01,1,0.055009902,0.055009902
XA,NovoCyte-RUO,2010001,EMEA,B410,Trade Orders,2021-01-01,1,0.050907146,0.050907146
XA,NovoCyte-RUO,2010001,EMEA,B410,Trade Orders,2021-11-01,1,0.050907146,0.050907146
XA,NovoCyte-RUO,2010001,EMEA,B410,Trade Orders,2022-01-01,1,0.050907146,0.050907146
XA,NovoCyte-RUO,2010001,EMEA,B410,Trade Orders,2022-07-01,1,0.050907146,0.050907146
XA,NovoCyte-RUO,2010001,EMEA,B410,Trade Orders,2022-08-01,1,0.050907146,0.050907146
XA,NovoCyte-RUO,2010001,EMEA,B410,Trade Orders,2022-10-01,1,0.050907146,0.050907146
XA,NovoCyte-RUO,2010001,EMEA,B410,Trade Orders,2023-10-01,1,0.050907146,0.050907146
XA,NovoCyte-RUO,2010001,EMEA,B410,Trade Orders,2023-11-01,2,0.050907146,0.101814292
XA,NovoCyte-RUO,2010001,EMEA,B410,Trade Orders,2024-03-01,1,0.050907146,0.050907146
XA,NovoCyte-RUO,2010001,EMEA,B410,Trade Orders,2024-06-01,1,0.050907146,0.050907146
XA,NovoCyte-RUO,2010001,EMEA,B410,Trade Orders,2024-10-01,1,0.050907146,0.050907146
XA,NovoCyte-RUO,2010001,EMEA,B410,Trade Orders,2025-02-01,1,0.050907146,0.050907146
XA,NovoCyte-RUO,2010001,EMEA,B410,Trade Orders,2025-07-01,1,0.050907146,0.050907146
XA,NovoCyte-RUO,2010001,GCFO,R811,Trade Orders,2020-11-01,1,0.041543517,0.041543517
XA,NovoCyte-RUO,2010001,GCFO,R811,Trade Orders,2022-03-01,1,0.041543517,0.041543517
XA,NovoCyte-RUO,2010001,GCFO,SG10,Trade Orders,2021-08-01,1,0.041543517,0.041543517
XA,NovoCyte-RUO,2010001,GCFO,SG10,Trade Orders,2022-04-01,1,0.041543517,0.041543517
XA,NovoCyte-RUO,2010001,GCFO,SG10,Trade Orders,2023-07-01,1,0.041543517,0.041543517
XA,NovoCyte-RUO,2010001,GCFO,SG10,Trade Orders,2024-01-01,1,0.041543517,0.041543517
XA,NovoCyte-RUO,2010002,AFO,2810,Trade Orders,2021-03-01,1,0.067699304,0.067699304
XA,NovoCyte-RUO,2010002,APAC,AY10,Trade Orders,2020-12-01,1,0.055009902,0.055009902
XA,NovoCyte-RUO,2010002,APAC,AY10,Trade Orders,2021-02-01,1,0.055009902,0.055009902
XA,NovoCyte-RUO,2010002,APAC,AY10,Trade Orders,2021-09-01,1,0.055009902,0.055009902
XA,NovoCyte-RUO,2010002,APAC,AY10,Trade Orders,2022-01-01,1,0.055009902,0.055009902
XA,NovoCyte-RUO,2010002,APAC,AY10,Trade Orders,2024-09-01,1,0.055009902,0.055009902
XA,NovoCyte-RUO,2010002,APAC,SG10,Trade Orders,2020-09-01,1,0.055009902,0.055009902
XA,NovoCyte-RUO,2010002,APAC,SG10,Trade Orders,2020-10-01,2,0.055009902,0.110019804
XA,NovoCyte-RUO,2010002,APAC,SG10,Trade Orders,2021-06-01,2,0.055009902,0.110019804
XA,NovoCyte-RUO,2010002,APAC,SG10,Trade Orders,2021-08-01,1,0.055009902,0.055009902
XA,NovoCyte-RUO,2010002,APAC,SG10,Trade Orders,2021-11-01,2,0.055009902,0.110019804
XA,NovoCyte-RUO,2010002,APAC,SG10,Trade Orders,2022-06-01,1,0.055009902,0.055009902
XA,NovoCyte-RUO,2010002,APAC,SG10,Trade Orders,2022-11-01,1,0.055009902,0.055009902
XA,NovoCyte-RUO,2010002,APAC,SG10,Trade Orders,2023-05-01,1,0.055009902,0.055009902
XA,NovoCyte-RUO,2010002,APAC,SG10,Trade Orders,2023-07-01,1,0.055009902,0.055009902
XA,NovoCyte-RUO,2010002,APAC,SG10,Trade Orders,2023-10-01,1,0.055009902,0.055009902
XA,NovoCyte-RUO,2010002,APAC,SG10,Trade Orders,2024-08-01,1,0.055009902,0.055009902
XA,NovoCyte-RUO,2010002,APAC,SG10,Trade Orders,2025-10-01,2,0.055009902,0.110019804
XA,NovoCyte-RUO,2010002,APAC,SG10,Trade Orders,2026-01-01,1,0.055009902,0.055009902
XA,NovoCyte-RUO,2010002,APAC,SG10,Trade Orders,2026-03-01,1,0.055009902,0.055009902
XA,NovoCyte-RUO,2010002,EMEA,B410,Trade Orders,2020-11-01,1,0.050907146,0.050907146
XA,NovoCyte-RUO,2010002,EMEA,B410,Trade Orders,2020-12-01,2,0.050907146,0.101814292
XA,NovoCyte-RUO,2010002,EMEA,B410,Trade Orders,2021-04-01,1,0.050907146,0.050907146
XA,NovoCyte-RUO,2010002,EMEA,B410,Trade Orders,2021-07-01,1,0.050907146,0.050907146
XA,NovoCyte-RUO,2010002,EMEA,B410,Trade Orders,2021-09-01,1,0.050907146,0.050907146
XA,NovoCyte-RUO,2010002,EMEA,B410,Trade Orders,2021-12-01,1,0.050907146,0.050907146
XA,NovoCyte-RUO,2010002,EMEA,B410,Trade Orders,2022-01-01,1,0.050907146,0.050907146
XA,NovoCyte-RUO,2010002,EMEA,B410,Trade Orders,2022-02-01,2,0.050907146,0.101814292
XA,NovoCyte-RUO,2010002,EMEA,B410,Trade Orders,2022-04-01,1,0.050907146,0.050907146
XA,NovoCyte-RUO,2010002,EMEA,B410,Trade Orders,2022-05-01,1,0.050907146,0.050907146
XA,NovoCyte-RUO,2010002,EMEA,B410,Trade Orders,2022-08-01,1,0.050907146,0.050907146
XA,NovoCyte-RUO,2010002,EMEA,B410,Trade Orders,2022-09-01,1,0.050907146,0.050907146
XA,NovoCyte-RUO,2010002,EMEA,B410,Trade Orders,2022-12-01,1,0.050907146,0.050907146
XA,NovoCyte-RUO,2010002,EMEA,B410,Trade Orders,2023-05-01,2,0.050907146,0.101814292
XA,NovoCyte-RUO,2010002,EMEA,B410,Trade Orders,2023-08-01,1,0.050907146,0.050907146
XA,NovoCyte-RUO,2010002,EMEA,B410,Trade Orders,2024-07-01,1,0.050907146,0.050907146
XA,NovoCyte-RUO,2010002,EMEA,B410,Trade Orders,2024-10-01,2,0.050907146,0.101814292
XA,NovoCyte-RUO,2010002,EMEA,B410,Trade Orders,2024-11-01,1,0.050907146,0.050907146
XA,NovoCyte-RUO,2010002,EMEA,B410,Trade Orders,2025-06-01,1,0.050907146,0.050907146
XA,NovoCyte-RUO,2010002,GCFO,R805,ZGIO,2022-08-01,1,0.041543517,
XA,NovoCyte-RUO,2010002,GCFO,R811,ZSD1,2020-11-01,1,0.041543517,
XA,NovoCyte-RUO,2010002,GCFO,R811,Trade Orders,2020-10-01,1,0.041543517,0.041543517
XA,NovoCyte-RUO,2010002,GCFO,R811,Trade Orders,2020-11-01,5,0.041543517,0.207717583
XA,NovoCyte-RUO,2010002,GCFO,R811,Trade Orders,2021-01-01,1,0.041543517,0.041543517
XA,NovoCyte-RUO,2010002,GCFO,R811,Trade Orders,2021-04-01,1,0.041543517,0.041543517
XA,NovoCyte-RUO,2010002,GCFO,R811,Trade Orders,2021-05-01,1,0.041543517,0.041543517
XA,NovoCyte-RUO,2010002,GCFO,R811,Trade Orders,2021-06-01,1,0.041543517,0.041543517
XA,NovoCyte-RUO,2010002,GCFO,R811,Trade Orders,2021-08-01,3,0.041543517,0.12463055
XA,NovoCyte-RUO,2010002,GCFO,R811,Trade Orders,2021-09-01,2,0.041543517,0.083087033
XA,NovoCyte-RUO,2010002,GCFO,R811,Trade Orders,2021-10-01,3,0.041543517,0.12463055
XA,NovoCyte-RUO,2010002,GCFO,R811,Trade Orders,2021-11-01,5,0.041543517,0.207717583
XA,NovoCyte-RUO,2010002,GCFO,R811,Trade Orders,2021-12-01,1,0.041543517,0.041543517
XA,NovoCyte-RUO,2010002,GCFO,R811,Trade Orders,2022-02-01,3,0.041543517,0.12463055
XA,NovoCyte-RUO,2010002,GCFO,R811,Trade Orders,2022-03-01,1,0.041543517,0.041543517
XA,NovoCyte-RUO,2010002,GCFO,R811,Trade Orders,2022-04-01,2,0.041543517,0.083087033
XA,NovoCyte-RUO,2010002,GCFO,R811,Trade Orders,2022-06-01,1,0.041543517,0.041543517
XA,NovoCyte-RUO,2010002,GCFO,R811,Trade Orders,2022-07-01,1,0.041543517,0.041543517
XA,NovoCyte-RUO,2010002,GCFO,R811,Trade Orders,2022-08-01,1,0.041543517,0.041543517
XA,NovoCyte-RUO,2010002,GCFO,R811,Trade Orders,2022-09-01,1,0.041543517,0.041543517
XA,NovoCyte-RUO,2010002,GCFO,R811,Trade Orders,2022-11-01,2,0.041543517,0.083087033
XA,NovoCyte-RUO,2010002,GCFO,R811,Trade Orders,2022-12-01,1,0.041543517,0.041543517
XA,NovoCyte-RUO,2010002,GCFO,R811,Trade Orders,2023-02-01,2,0.041543517,0.083087033
XA,NovoCyte-RUO,2010002,GCFO,R811,Trade Orders,2023-03-01,1,0.041543517,0.041543517
XA,NovoCyte-RUO,2010002,GCFO,R811,Trade Orders,2023-07-01,3,0.041543517,0.12463055
XA,NovoCyte-RUO,2010002,GCFO,R811,Trade Orders,2023-08-01,2,0.041543517,0.083087033
XA,NovoCyte-RUO,2010002,GCFO,R811,Trade Orders,2023-09-01,3,0.041543517,0.12463055
XA,NovoCyte-RUO,2010002,GCFO,R811,Trade Orders,2023-10-01,1,0.041543517,0.041543517
XA,NovoCyte-RUO,2010002,GCFO,R811,Trade Orders,2023-11-01,3,0.041543517,0.12463055
XA,NovoCyte-RUO,2010002,GCFO,R811,Trade Orders,2024-01-01,4,0.041543517,0.166174066
XA,NovoCyte-RUO,2010002,GCFO,R811,Trade Orders,2024-03-01,1,0.041543517,0.041543517
XA,NovoCyte-RUO,2010002,GCFO,R811,Trade Orders,2024-05-01,1,0.041543517,0.041543517
XA,NovoCyte-RUO,2010002,GCFO,R811,Trade Orders,2024-06-01,1,0.041543517,0.041543517
XA,NovoCyte-RUO,2010002,GCFO,R811,Trade Orders,2024-08-01,2,0.041543517,0.083087033
XA,NovoCyte-RUO,2010002,GCFO,R811,Trade Orders,2024-11-01,1,0.041543517,0.041543517
XA,NovoCyte-RUO,2010002,GCFO,R811,Trade Orders,2025-01-01,1,0.041543517,0.041543517
XA,NovoCyte-RUO,2010002,GCFO,R811,Trade Orders,2025-04-01,1,0.041543517,0.041543517
XA,NovoCyte-RUO,2010002,GCFO,R811,Trade Orders,2025-07-01,1,0.041543517,0.041543517
XA,NovoCyte-RUO,2010002,GCFO,R811,Trade Orders,2025-11-01,1,0.041543517,0.041543517
XA,NovoCyte-RUO,2010002,GCFO,SG10,Trade Orders,2022-12-01,1,0.041543517,0.041543517
XA,NovoCyte-RUO,2010002,GCFO,SG10,Trade Orders,2025-01-01,1,0.041543517,0.041543517
XA,NovoCyte-RUO,2010002,GCFO,SG10,Trade Orders,2025-02-01,1,0.041543517,0.041543517
XA,NovoCyte-RUO,2010002,GCFO,SG10,Trade Orders,2025-08-01,2,0.041543517,0.083087033
XA,NovoCyte-RUO,2010002S,AFO,2810,Trade Orders,2021-04-01,1,0.067699304,0.067699304
XA,NovoCyte-RUO,2010002S,AFO,2810,Trade Orders,2021-08-01,1,0.067699304,0.067699304
XA,NovoCyte-RUO,2010002S,AFO,2810,Trade Orders,2022-01-01,1,0.067699304,0.067699304
XA,NovoCyte-RUO,2010002S,AFO,2810,Trade Orders,2022-03-01,1,0.067699304,0.067699304
XA,NovoCyte-RUO,2010002S,AFO,2810,Trade Orders,2022-04-01,1,0.067699304,0.067699304
XA,NovoCyte-RUO,2010002S,AFO,2810,Trade Orders,2022-10-01,3,0.067699304,0.203097912
XA,NovoCyte-RUO,2010002S,AFO,2810,Trade Orders,2022-12-01,2,0.067699304,0.135398608
XA,NovoCyte-RUO,2010002S,AFO,2810,Trade Orders,2023-01-01,1,0.067699304,0.067699304
XA,NovoCyte-RUO,2010002S,AFO,2810,Trade Orders,2023-09-01,1,0.067699304,0.067699304
XA,NovoCyte-RUO,2010002S,AFO,2810,Trade Orders,2024-01-01,1,0.067699304,0.067699304
XA,NovoCyte-RUO,2010002S,AFO,2810,Trade Orders,2024-03-01,1,0.067699304,0.067699304
XA,NovoCyte-RUO,2010002S,AFO,2810,Trade Orders,2024-06-01,2,0.067699304,0.135398608
XA,NovoCyte-RUO,2010002S,AFO,2810,Trade Orders,2025-04-01,3,0.067699304,0.203097912
XA,NovoCyte-RUO,2010002S,AFO,2810,Trade Orders,2025-06-01,2,0.067699304,0.135398608
XA,NovoCyte-RUO,2010002S,AFO,2810,Trade Orders,2025-11-01,2,0.067699304,0.135398608
XA,NovoCyte-RUO,2010002S,AFO,2810,Trade Orders,2025-12-01,1,0.067699304,0.067699304
XA,NovoCyte-RUO,2010002S,GCFO,SG10,Trade Orders,2020-11-01,3,0.041543517,0.12463055
XA,NovoCyte-RUO,2010002S,GCFO,SG10,Trade Orders,2020-12-01,1,0.041543517,0.041543517
XA,NovoCyte-RUO,2010002S,GCFO,SG10,Trade Orders,2021-09-01,1,0.041543517,0.041543517
XA,NovoCyte-RUO,2010002S,GCFO,SG10,Trade Orders,2021-10-01,1,0.041543517,0.041543517
XA,NovoCyte-RUO,2010002S,GCFO,SG10,Trade Orders,2021-11-01,1,0.041543517,0.041543517
XA,NovoCyte-RUO,2010002S,GCFO,SG10,Trade Orders,2021-12-01,1,0.041543517,0.041543517
XA,NovoCyte-RUO,2010002S,GCFO,SG10,Trade Orders,2022-01-01,1,0.041543517,0.041543517
XA,NovoCyte-RUO,2010002S,GCFO,SG10,Trade Orders,2022-02-01,3,0.041543517,0.12463055
XA,NovoCyte-RUO,2010002S,GCFO,SG10,Trade Orders,2022-03-01,2,0.041543517,0.083087033
XA,NovoCyte-RUO,2010002S,GCFO,SG10,Trade Orders,2022-07-01,2,0.041543517,0.083087033
XA,NovoCyte-RUO,2010002S,GCFO,SG10,Trade Orders,2022-08-01,1,0.041543517,0.041543517
XA,NovoCyte-RUO,2010002S,GCFO,SG10,Trade Orders,2022-09-01,3,0.041543517,0.12463055
XA,NovoCyte-RUO,2010002S,GCFO,SG10,Trade Orders,2022-10-01,3,0.041543517,0.12463055
XA,NovoCyte-RUO,2010002S,GCFO,SG10,Trade Orders,2022-12-01,2,0.041543517,0.083087033
XA,NovoCyte-RUO,2010002S,GCFO,SG10,Trade Orders,2023-02-01,2,0.041543517,0.083087033
XA,NovoCyte-RUO,2010002S,GCFO,SG10,Trade Orders,2023-04-01,1,0.041543517,0.041543517
XA,NovoCyte-RUO,2010002S,GCFO,SG10,Trade Orders,2023-05-01,2,0.041543517,0.083087033
XA,NovoCyte-RUO,2010002S,GCFO,SG10,Trade Orders,2023-07-01,1,0.041543517,0.041543517
XA,NovoCyte-RUO,2010002S,GCFO,SG10,Trade Orders,2023-08-01,1,0.041543517,0.041543517
XA,NovoCyte-RUO,2010002S,GCFO,SG10,Trade Orders,2023-09-01,1,0.041543517,0.041543517
XA,NovoCyte-RUO,2010002S,GCFO,SG10,Trade Orders,2023-10-01,2,0.041543517,0.083087033
XA,NovoCyte-RUO,2010002S,GCFO,SG10,Trade Orders,2024-02-01,1,0.041543517,0.041543517
XA,NovoCyte-RUO,2010002S,GCFO,SG10,Trade Orders,2024-05-01,1,0.041543517,0.041543517
XA,NovoCyte-RUO,2010002S,GCFO,SG10,Trade Orders,2024-07-01,1,0.041543517,0.041543517
XA,NovoCyte-RUO,2010002S,GCFO,SG10,Trade Orders,2024-10-01,1,0.041543517,0.041543517
XA,NovoCyte-RUO,2010002S,GCFO,SG10,Trade Orders,2024-11-01,3,0.041543517,0.12463055
XA,NovoCyte-RUO,2010002S,GCFO,SG10,Trade Orders,2024-12-01,1,0.041543517,0.041543517
XA,NovoCyte-RUO,2010004,AFO,2810,Trade Orders,2020-11-01,1,0.067699304,0.067699304
XA,NovoCyte-RUO,2010004,APAC,AY10,Trade Orders,2021-02-01,1,0.055009902,0.055009902
XA,NovoCyte-RUO,2010004,APAC,SG10,Trade Orders,2020-10-01,1,0.055009902,0.055009902
XA,NovoCyte-RUO,2010004,APAC,SG10,Trade Orders,2020-12-01,1,0.055009902,0.055009902
XA,NovoCyte-RUO,2010004,APAC,SG10,Trade Orders,2021-03-01,1,0.055009902,0.055009902
XA,NovoCyte-RUO,2010004,APAC,SG10,Trade Orders,2021-07-01,1,0.055009902,0.055009902
XA,NovoCyte-RUO,2010004,APAC,SG10,Trade Orders,2021-11-01,1,0.055009902,0.055009902
XA,NovoCyte-RUO,2010004,APAC,SG10,Trade Orders,2022-06-01,2,0.055009902,0.110019804
XA,NovoCyte-RUO,2010004,APAC,SG10,Trade Orders,2022-11-01,1,0.055009902,0.055009902
XA,NovoCyte-RUO,2010004,APAC,SG10,Trade Orders,2024-12-01,2,0.055009902,0.110019804
XA,NovoCyte-RUO,2010004,APAC,SG10,Trade Orders,2025-08-01,1,0.055009902,0.055009902
XA,NovoCyte-RUO,2010004,EMEA,B410,Trade Orders,2020-11-01,1,0.050907146,0.050907146
XA,NovoCyte-RUO,2010004,EMEA,B410,Trade Orders,2021-08-01,1,0.050907146,0.050907146
XA,NovoCyte-RUO,2010004,EMEA,B410,Trade Orders,2021-09-01,1,0.050907146,0.050907146
XA,NovoCyte-RUO,2010004,EMEA,B410,Trade Orders,2021-12-01,1,0.050907146,0.050907146
XA,NovoCyte-RUO,2010004,EMEA,B410,Trade Orders,2022-01-01,1,0.050907146,0.050907146
XA,NovoCyte-RUO,2010004,EMEA,B410,Trade Orders,2022-02-01,1,0.050907146,0.050907146
XA,NovoCyte-RUO,2010004,EMEA,B410,Trade Orders,2022-04-01,1,0.050907146,0.050907146
XA,NovoCyte-RUO,2010004,EMEA,B410,Trade Orders,2022-08-01,1,0.050907146,0.050907146
XA,NovoCyte-RUO,2010004,EMEA,B410,Trade Orders,2024-01-01,1,0.050907146,0.050907146
XA,NovoCyte-RUO,2010004,EMEA,B410,Trade Orders,2025-03-01,1,0.050907146,0.050907146
XA,NovoCyte-RUO,2010004,EMEA,B410,Trade Orders,2025-09-01,1,0.050907146,0.050907146
XA,NovoCyte-RUO,2010004,GCFO,R811,ZC1,2025-03-01,1,0.041543517,
XA,NovoCyte-RUO,2010004,GCFO,R811,ZSD1,2022-02-01,1,0.041543517,
XA,NovoCyte-RUO,2010004,GCFO,R811,ZSD1,2024-04-01,1,0.041543517,
XA,NovoCyte-RUO,2010004,GCFO,R811,ZSD2,2022-02-01,1,0.041543517,
XA,NovoCyte-RUO,2010004,GCFO,R811,ZSD2,2023-03-01,1,0.041543517,
XA,NovoCyte-RUO,2010004,GCFO,R811,ZSD2,2024-06-01,1,0.041543517,
XA,NovoCyte-RUO,2010004,GCFO,R811,Trade Orders,2020-10-01,2,0.041543517,0.083087033
XA,NovoCyte-RUO,2010004,GCFO,R811,Trade Orders,2020-11-01,6,0.041543517,0.249261099
XA,NovoCyte-RUO,2010004,GCFO,R811,Trade Orders,2020-12-01,2,0.041543517,0.083087033
XA,NovoCyte-RUO,2010004,GCFO,R811,Trade Orders,2021-02-01,2,0.041543517,0.083087033
XA,NovoCyte-RUO,2010004,GCFO,R811,Trade Orders,2021-03-01,1,0.041543517,0.041543517
XA,NovoCyte-RUO,2010004,GCFO,R811,Trade Orders,2021-04-01,1,0.041543517,0.041543517
XA,NovoCyte-RUO,2010004,GCFO,R811,Trade Orders,2021-05-01,2,0.041543517,0.083087033
XA,NovoCyte-RUO,2010004,GCFO,R811,Trade Orders,2021-06-01,1,0.041543517,0.041543517
XA,NovoCyte-RUO,2010004,GCFO,R811,Trade Orders,2021-08-01,2,0.041543517,0.083087033
XA,NovoCyte-RUO,2010004,GCFO,R811,Trade Orders,2021-10-01,1,0.041543517,0.041543517
XA,NovoCyte-RUO,2010004,GCFO,R811,Trade Orders,2021-11-01,1,0.041543517,0.041543517
XA,NovoCyte-RUO,2010004,GCFO,R811,Trade Orders,2021-12-01,1,0.041543517,0.041543517
XA,NovoCyte-RUO,2010004,GCFO,R811,Trade Orders,2022-02-01,2,0.041543517,0.083087033
XA,NovoCyte-RUO,2010004,GCFO,R811,Trade Orders,2022-05-01,1,0.041543517,0.041543517
XA,NovoCyte-RUO,2010004,GCFO,R811,Trade Orders,2022-06-01,2,0.041543517,0.083087033
XA,NovoCyte-RUO,2010004,GCFO,R811,Trade Orders,2022-07-01,1,0.041543517,0.041543517
XA,NovoCyte-RUO,2010004,GCFO,R811,Trade Orders,2022-08-01,2,0.041543517,0.083087033
XA,NovoCyte-RUO,2010004,GCFO,R811,Trade Orders,2022-09-01,6,0.041543517,0.249261099
XA,NovoCyte-RUO,2010004,GCFO,R811,Trade Orders,2022-10-01,4,0.041543517,0.166174066
XA,NovoCyte-RUO,2010004,GCFO,R811,Trade Orders,2022-11-01,2,0.041543517,0.083087033
XA,NovoCyte-RUO,2010004,GCFO,R811,Trade Orders,2022-12-01,2,0.041543517,0.083087033
XA,NovoCyte-RUO,2010004,GCFO,R811,Trade Orders,2023-01-01,4,0.041543517,0.166174066
XA,NovoCyte-RUO,2010004,GCFO,R811,Trade Orders,2023-02-01,1,0.041543517,0.041543517
XA,NovoCyte-RUO,2010004,GCFO,R811,Trade Orders,2023-03-01,1,0.041543517,0.041543517
XA,NovoCyte-RUO,2010004,GCFO,R811,Trade Orders,2023-04-01,2,0.041543517,0.083087033
XA,NovoCyte-RUO,2010004,GCFO,R811,Trade Orders,2023-05-01,1,0.041543517,0.041543517
XA,NovoCyte-RUO,2010004,GCFO,R811,Trade Orders,2023-06-01,2,0.041543517,0.083087033
XA,NovoCyte-RUO,2010004,GCFO,R811,Trade Orders,2023-07-01,3,0.041543517,0.12463055
XA,NovoCyte-RUO,2010004,GCFO,R811,Trade Orders,2023-08-01,1,0.041543517,0.041543517
XA,NovoCyte-RUO,2010004,GCFO,R811,Trade Orders,2023-09-01,3,0.041543517,0.12463055
XA,NovoCyte-RUO,2010004,GCFO,R811,Trade Orders,2023-10-01,3,0.041543517,0.12463055
XA,NovoCyte-RUO,2010004,GCFO,R811,Trade Orders,2023-11-01,2,0.041543517,0.083087033
XA,NovoCyte-RUO,2010004,GCFO,R811,Trade Orders,2023-12-01,1,0.041543517,0.041543517
XA,NovoCyte-RUO,2010004,GCFO,R811,Trade Orders,2024-01-01,3,0.041543517,0.12463055
XA,NovoCyte-RUO,2010004,GCFO,R811,Trade Orders,2024-02-01,3,0.041543517,0.12463055
XA,NovoCyte-RUO,2010004,GCFO,R811,Trade Orders,2024-03-01,2,0.041543517,0.083087033
XA,NovoCyte-RUO,2010004,GCFO,R811,Trade Orders,2024-04-01,2,0.041543517,0.083087033
XA,NovoCyte-RUO,2010004,GCFO,R811,Trade Orders,2024-07-01,1,0.041543517,0.041543517
XA,NovoCyte-RUO,2010004,GCFO,R811,Trade Orders,2024-08-01,2,0.041543517,0.083087033
XA,NovoCyte-RUO,2010004,GCFO,R811,Trade Orders,2024-09-01,2,0.041543517,0.083087033
XA,NovoCyte-RUO,2010004,GCFO,R811,Trade Orders,2024-10-01,1,0.041543517,0.041543517
XA,NovoCyte-RUO,2010004,GCFO,R811,Trade Orders,2024-11-01,1,0.041543517,0.041543517
XA,NovoCyte-RUO,2010004,GCFO,R811,Trade Orders,2024-12-01,3,0.041543517,0.12463055
XA,NovoCyte-RUO,2010004,GCFO,R811,Trade Orders,2025-02-01,4,0.041543517,0.166174066
XA,NovoCyte-RUO,2010004,GCFO,R811,Trade Orders,2025-03-01,4,0.041543517,0.166174066
XA,NovoCyte-RUO,2010004,GCFO,R811,Trade Orders,2025-04-01,2,0.041543517,0.083087033
XA,NovoCyte-RUO,2010004,GCFO,R811,Trade Orders,2025-05-01,3,0.041543517,0.12463055
XA,NovoCyte-RUO,2010004,GCFO,R811,Trade Orders,2025-06-01,2,0.041543517,0.083087033
XA,NovoCyte-RUO,2010004,GCFO,R811,Trade Orders,2025-07-01,4,0.041543517,0.166174066
XA,NovoCyte-RUO,2010004,GCFO,R811,Trade Orders,2025-08-01,1,0.041543517,0.041543517
XA,NovoCyte-RUO,2010004,GCFO,R811,Trade Orders,2025-09-01,3,0.041543517,0.12463055
XA,NovoCyte-RUO,2010004,GCFO,R811,Trade Orders,2025-10-01,1,0.041543517,0.041543517
XA,NovoCyte-RUO,2010004,GCFO,R811,Trade Orders,2025-11-01,5,0.041543517,0.207717583
XA,NovoCyte-RUO,2010004,GCFO,R811,Trade Orders,2025-12-01,3,0.041543517,0.12463055
XA,NovoCyte-RUO,2010004,GCFO,R811,Trade Orders,2026-01-01,3,0.041543517,0.12463055
XA,NovoCyte-RUO,2010004,GCFO,R811,Trade Orders,2026-02-01,2,0.041543517,0.083087033
XA,NovoCyte-RUO,2010004,GCFO,R811,Trade Orders,2026-03-01,1,0.041543517,0.041543517
XA,NovoCyte-RUO,2010004,GCFO,R811,Trade Orders,2026-04-01,1,0.041543517,0.041543517
XA,NovoCyte-RUO,2010004,GCFO,SG10,Trade Orders,2024-10-01,1,0.041543517,0.041543517
XA,NovoCyte-RUO,2010004S,AFO,2810,Trade Orders,2022-11-01,1,0.067699304,0.067699304
XA,NovoCyte-RUO,2010004S,AFO,2810,Trade Orders,2023-02-01,1,0.067699304,0.067699304
XA,NovoCyte-RUO,2010004S,AFO,2810,Trade Orders,2023-07-01,1,0.067699304,0.067699304
XA,NovoCyte-RUO,2010004S,AFO,2810,Trade Orders,2024-03-01,2,0.067699304,0.135398608
XA,NovoCyte-RUO,2010004S,AFO,2810,Trade Orders,2024-10-01,1,0.067699304,0.067699304
XA,NovoCyte-RUO,2010004S,AFO,2810,Trade Orders,2024-11-01,1,0.067699304,0.067699304
XA,NovoCyte-RUO,2010004S,AFO,2810,Trade Orders,2025-04-01,1,0.067699304,0.067699304
XA,NovoCyte-RUO,2010004S,AFO,2810,Trade Orders,2025-05-01,1,0.067699304,0.067699304
XA,NovoCyte-RUO,2010004S,AFO,2810,Trade Orders,2025-07-01,1,0.067699304,0.067699304
XA,NovoCyte-RUO,2010004S,AFO,2810,Trade Orders,2025-08-01,1,0.067699304,0.067699304
XA,NovoCyte-RUO,2010004S,AFO,2810,Trade Orders,2025-10-01,1,0.067699304,0.067699304
XA,NovoCyte-RUO,2010004S,AFO,2810,Trade Orders,2026-03-01,1,0.067699304,0.067699304
XA,NovoCyte-RUO,2010004S,GCFO,SG10,ZSD1,2025-08-01,1,0.041543517,
XA,NovoCyte-RUO,2010004S,GCFO,SG10,Trade Orders,2020-11-01,4,0.041543517,0.166174066
XA,NovoCyte-RUO,2010004S,GCFO,SG10,Trade Orders,2020-12-01,1,0.041543517,0.041543517
XA,NovoCyte-RUO,2010004S,GCFO,SG10,Trade Orders,2021-06-01,1,0.041543517,0.041543517
XA,NovoCyte-RUO,2010004S,GCFO,SG10,Trade Orders,2021-07-01,2,0.041543517,0.083087033
XA,NovoCyte-RUO,2010004S,GCFO,SG10,Trade Orders,2021-10-01,2,0.041543517,0.083087033
XA,NovoCyte-RUO,2010004S,GCFO,SG10,Trade Orders,2021-11-01,1,0.041543517,0.041543517
XA,NovoCyte-RUO,2010004S,GCFO,SG10,Trade Orders,2021-12-01,1,0.041543517,0.041543517
XA,NovoCyte-RUO,2010004S,GCFO,SG10,Trade Orders,2022-02-01,2,0.041543517,0.083087033
XA,NovoCyte-RUO,2010004S,GCFO,SG10,Trade Orders,2022-03-01,3,0.041543517,0.12463055
XA,NovoCyte-RUO,2010004S,GCFO,SG10,Trade Orders,2022-06-01,1,0.041543517,0.041543517
XA,NovoCyte-RUO,2010004S,GCFO,SG10,Trade Orders,2022-07-01,2,0.041543517,0.083087033
XA,NovoCyte-RUO,2010004S,GCFO,SG10,Trade Orders,2022-08-01,1,0.041543517,0.041543517
XA,NovoCyte-RUO,2010004S,GCFO,SG10,Trade Orders,2022-09-01,3,0.041543517,0.12463055
XA,NovoCyte-RUO,2010004S,GCFO,SG10,Trade Orders,2022-10-01,1,0.041543517,0.041543517
XA,NovoCyte-RUO,2010004S,GCFO,SG10,Trade Orders,2023-01-01,3,0.041543517,0.12463055
XA,NovoCyte-RUO,2010004S,GCFO,SG10,Trade Orders,2023-02-01,1,0.041543517,0.041543517
XA,NovoCyte-RUO,2010004S,GCFO,SG10,Trade Orders,2023-03-01,3,0.041543517,0.12463055
XA,NovoCyte-RUO,2010004S,GCFO,SG10,Trade Orders,2023-07-01,1,0.041543517,0.041543517
XA,NovoCyte-RUO,2010004S,GCFO,SG10,Trade Orders,2023-08-01,2,0.041543517,0.083087033
XA,NovoCyte-RUO,2010004S,GCFO,SG10,Trade Orders,2023-09-01,1,0.041543517,0.041543517
XA,NovoCyte-RUO,2010004S,GCFO,SG10,Trade Orders,2023-10-01,1,0.041543517,0.041543517
XA,NovoCyte-RUO,2010004S,GCFO,SG10,Trade Orders,2023-11-01,2,0.041543517,0.083087033
XA,NovoCyte-RUO,2010004S,GCFO,SG10,Trade Orders,2024-01-01,1,0.041543517,0.041543517
XA,NovoCyte-RUO,2010004S,GCFO,SG10,Trade Orders,2024-02-01,3,0.041543517,0.12463055
XA,NovoCyte-RUO,2010004S,GCFO,SG10,Trade Orders,2024-03-01,1,0.041543517,0.041543517
XA,NovoCyte-RUO,2010004S,GCFO,SG10,Trade Orders,2024-07-01,1,0.041543517,0.041543517
XA,NovoCyte-RUO,2010004S,GCFO,SG10,Trade Orders,2024-10-01,2,0.041543517,0.083087033
XA,NovoCyte-RUO,2010004S,GCFO,SG10,Trade Orders,2025-02-01,4,0.041543517,0.166174066
XA,NovoCyte-RUO,2010004S,GCFO,SG10,Trade Orders,2025-03-01,1,0.041543517,0.041543517
XA,NovoCyte-RUO,2010004S,GCFO,SG10,Trade Orders,2025-08-01,2,0.041543517,0.083087033
XA,NovoCyte-RUO,2010004S,GCFO,SG10,Trade Orders,2025-10-01,1,0.041543517,0.041543517
XA,NovoCyte-RUO,2010004S,GCFO,SG10,Trade Orders,2026-03-01,1,0.041543517,0.041543517
XA,NovoCyte-RUO,2010004S,GCFO,SG10,Trade Orders,2026-04-01,1,0.041543517,0.041543517
XA,NovoCyte-RUO,2010011,AFO,2810,Trade Orders,2020-11-01,2,0.067699304,0.135398608
XA,NovoCyte-RUO,2010011,AFO,2810,Trade Orders,2021-01-01,3,0.067699304,0.203097912
XA,NovoCyte-RUO,2010011,AFO,2810,Trade Orders,2021-02-01,2,0.067699304,0.135398608
XA,NovoCyte-RUO,2010011,AFO,2810,Trade Orders,2021-03-01,2,0.067699304,0.135398608
XA,NovoCyte-RUO,2010011,AFO,2810,Trade Orders,2021-05-01,1,0.067699304,0.067699304
XA,NovoCyte-RUO,2010011,AFO,2810,Trade Orders,2022-01-01,1,0.067699304,0.067699304
XA,NovoCyte-RUO,2010011,APAC,AY10,Trade Orders,2021-06-01,1,0.055009902,0.055009902
XA,NovoCyte-RUO,2010011,APAC,AY10,Trade Orders,2021-10-01,1,0.055009902,0.055009902
XA,NovoCyte-RUO,2010011,APAC,AY10,Trade Orders,2023-02-01,1,0.055009902,0.055009902
XA,NovoCyte-RUO,2010011,APAC,SG10,ZC1,2023-08-01,1,0.055009902,
XA,NovoCyte-RUO,2010011,APAC,SG10,ZC1,2025-02-01,1,0.055009902,
XA,NovoCyte-RUO,2010011,APAC,SG10,ZC1,2025-06-01,1,0.055009902,
XA,NovoCyte-RUO,2010011,APAC,SG10,Trade Orders,2020-09-01,1,0.055009902,0.055009902
XA,NovoCyte-RUO,2010011,APAC,SG10,Trade Orders,2020-10-01,1,0.055009902,0.055009902
XA,NovoCyte-RUO,2010011,APAC,SG10,Trade Orders,2021-05-01,1,0.055009902,0.055009902
XA,NovoCyte-RUO,2010011,APAC,SG10,Trade Orders,2021-08-01,1,0.055009902,0.055009902
XA,NovoCyte-RUO,2010011,APAC,SG10,Trade Orders,2021-09-01,1,0.055009902,0.055009902
XA,NovoCyte-RUO,2010011,APAC,SG10,Trade Orders,2021-10-01,1,0.055009902,0.055009902
XA,NovoCyte-RUO,2010011,APAC,SG10,Trade Orders,2022-01-01,1,0.055009902,0.055009902
XA,NovoCyte-RUO,2010011,APAC,SG10,Trade Orders,2022-02-01,1,0.055009902,0.055009902
XA,NovoCyte-RUO,2010011,APAC,SG10,Trade Orders,2022-03-01,1,0.055009902,0.055009902
XA,NovoCyte-RUO,2010011,APAC,SG10,Trade Orders,2023-02-01,1,0.055009902,0.055009902
XA,NovoCyte-RUO,2010011,APAC,SG10,Trade Orders,2023-10-01,1,0.055009902,0.055009902
XA,NovoCyte-RUO,2010011,APAC,SG10,Trade Orders,2024-01-01,1,0.055009902,0.055009902
XA,NovoCyte-RUO,2010011,APAC,SG10,Trade Orders,2025-01-01,1,0.055009902,0.055009902
XA,NovoCyte-RUO,2010011,APAC,SG10,Trade Orders,2025-05-01,1,0.055009902,0.055009902
XA,NovoCyte-RUO,2010011,APAC,SG10,Trade Orders,2025-06-01,1,0.055009902,0.055009902
XA,NovoCyte-RUO,2010011,APAC,SG10,Trade Orders,2025-07-01,1,0.055009902,0.055009902
XA,NovoCyte-RUO,2010011,APAC,SG10,Trade Orders,2025-09-01,1,0.055009902,0.055009902
XA,NovoCyte-RUO,2010011,APAC,SG10,Trade Orders,2025-10-01,1,0.055009902,0.055009902
XA,NovoCyte-RUO,2010011,APAC,SG10,Trade Orders,2026-04-01,1,0.055009902,0.055009902
XA,NovoCyte-RUO,2010011,EMEA,B410,ZC1,2022-10-01,1,0.050907146,
XA,NovoCyte-RUO,2010011,EMEA,B410,ZC1,2022-12-01,1,0.050907146,
XA,NovoCyte-RUO,2010011,EMEA,B410,ZC1,2025-11-01,1,0.050907146,
XA,NovoCyte-RUO,2010011,EMEA,B410,Trade Orders,2020-09-01,1,0.050907146,0.050907146
XA,NovoCyte-RUO,2010011,EMEA,B410,Trade Orders,2020-11-01,1,0.050907146,0.050907146
XA,NovoCyte-RUO,2010011,EMEA,B410,Trade Orders,2020-12-01,1,0.050907146,0.050907146
XA,NovoCyte-RUO,2010011,EMEA,B410,Trade Orders,2021-02-01,1,0.050907146,0.050907146
XA,NovoCyte-RUO,2010011,EMEA,B410,Trade Orders,2021-05-01,1,0.050907146,0.050907146
XA,NovoCyte-RUO,2010011,EMEA,B410,Trade Orders,2021-10-01,2,0.050907146,0.101814292
XA,NovoCyte-RUO,2010011,EMEA,B410,Trade Orders,2022-03-01,1,0.050907146,0.050907146
XA,NovoCyte-RUO,2010011,EMEA,B410,Trade Orders,2022-04-01,1,0.050907146,0.050907146
XA,NovoCyte-RUO,2010011,EMEA,B410,Trade Orders,2023-02-01,1,0.050907146,0.050907146
XA,NovoCyte-RUO,2010011,EMEA,B410,Trade Orders,2023-11-01,1,0.050907146,0.050907146
XA,NovoCyte-RUO,2010011,EMEA,B410,Trade Orders,2024-11-01,1,0.050907146,0.050907146
XA,NovoCyte-RUO,2010011,EMEA,B410,Trade Orders,2025-01-01,1,0.050907146,0.050907146
XA,NovoCyte-RUO,2010011,EMEA,B410,Trade Orders,2025-02-01,1,0.050907146,0.050907146
XA,NovoCyte-RUO,2010011,EMEA,B410,Trade Orders,2026-02-01,1,0.050907146,0.050907146
XA,NovoCyte-RUO,2010011,EMEA,B410,Trade Orders,2026-03-01,1,0.050907146,0.050907146
XA,NovoCyte-RUO,2010011,GCFO,R811,ZSD1,2023-11-01,1,0.041543517,
XA,NovoCyte-RUO,2010011,GCFO,R811,Trade Orders,2020-11-01,3,0.041543517,0.12463055
XA,NovoCyte-RUO,2010011,GCFO,R811,Trade Orders,2020-12-01,1,0.041543517,0.041543517
XA,NovoCyte-RUO,2010011,GCFO,R811,Trade Orders,2021-01-01,1,0.041543517,0.041543517
XA,NovoCyte-RUO,2010011,GCFO,R811,Trade Orders,2021-04-01,1,0.041543517,0.041543517
XA,NovoCyte-RUO,2010011,GCFO,R811,Trade Orders,2021-06-01,2,0.041543517,0.083087033
XA,NovoCyte-RUO,2010011,GCFO,R811,Trade Orders,2021-07-01,1,0.041543517,0.041543517
XA,NovoCyte-RUO,2010011,GCFO,R811,Trade Orders,2021-10-01,2,0.041543517,0.083087033
XA,NovoCyte-RUO,2010011,GCFO,R811,Trade Orders,2021-11-01,2,0.041543517,0.083087033
XA,NovoCyte-RUO,2010011,GCFO,R811,Trade Orders,2022-02-01,2,0.041543517,0.083087033
XA,NovoCyte-RUO,2010011,GCFO,R811,Trade Orders,2022-03-01,1,0.041543517,0.041543517
XA,NovoCyte-RUO,2010011,GCFO,R811,Trade Orders,2022-06-01,1,0.041543517,0.041543517
XA,NovoCyte-RUO,2010011,GCFO,R811,Trade Orders,2022-11-01,1,0.041543517,0.041543517
XA,NovoCyte-RUO,2010011,GCFO,R811,Trade Orders,2023-09-01,2,0.041543517,0.083087033
XA,NovoCyte-RUO,2010011,GCFO,R811,Trade Orders,2023-11-01,1,0.041543517,0.041543517
XA,NovoCyte-RUO,2010011,GCFO,R811,Trade Orders,2024-09-01,1,0.041543517,0.041543517
XA,NovoCyte-RUO,2010011,GCFO,R811,Trade Orders,2025-08-01,1,0.041543517,0.041543517
XA,NovoCyte-RUO,2010011S,AFO,2810,ZC1,2022-03-01,2,0.067699304,
XA,NovoCyte-RUO,2010011S,AFO,2810,ZC1,2022-06-01,1,0.067699304,
XA,NovoCyte-RUO,2010011S,AFO,2810,ZC1,2022-10-01,1,0.067699304,
XA,NovoCyte-RUO,2010011S,AFO,2810,ZC1,2023-03-01,1,0.067699304,
XA,NovoCyte-RUO,2010011S,AFO,2810,ZC1,2024-02-01,1,0.067699304,
XA,NovoCyte-RUO,2010011S,AFO,2810,ZC1,2024-04-01,1,0.067699304,
XA,NovoCyte-RUO,2010011S,AFO,2810,ZC1,2024-05-01,1,0.067699304,
XA,NovoCyte-RUO,2010011S,AFO,2810,ZC1,2024-09-01,1,0.067699304,
XA,NovoCyte-RUO,2010011S,AFO,2810,ZC1,2024-11-01,1,0.067699304,
XA,NovoCyte-RUO,2010011S,AFO,2810,ZC1,2025-03-01,1,0.067699304,
XA,NovoCyte-RUO,2010011S,AFO,2810,ZC1,2025-07-01,1,0.067699304,
XA,NovoCyte-RUO,2010011S,AFO,2810,ZC1,2025-08-01,2,0.067699304,
XA,NovoCyte-RUO,2010011S,AFO,2810,ZGIO,2024-11-01,1,0.067699304,
XA,NovoCyte-RUO,2010011S,AFO,2810,ZSD1,2025-08-01,1,0.067699304,
XA,NovoCyte-RUO,2010011S,AFO,2810,Trade Orders,2021-04-01,1,0.067699304,0.067699304
XA,NovoCyte-RUO,2010011S,AFO,2810,Trade Orders,2021-09-01,1,0.067699304,0.067699304
XA,NovoCyte-RUO,2010011S,AFO,2810,Trade Orders,2022-02-01,1,0.067699304,0.067699304
XA,NovoCyte-RUO,2010011S,AFO,2810,Trade Orders,2022-03-01,1,0.067699304,0.067699304
XA,NovoCyte-RUO,2010011S,AFO,2810,Trade Orders,2022-04-01,1,0.067699304,0.067699304
XA,NovoCyte-RUO,2010011S,AFO,2810,Trade Orders,2022-05-01,2,0.067699304,0.135398608
XA,NovoCyte-RUO,2010011S,AFO,2810,Trade Orders,2022-06-01,3,0.067699304,0.203097912
XA,NovoCyte-RUO,2010011S,AFO,2810,Trade Orders,2022-09-01,2,0.067699304,0.135398608
XA,NovoCyte-RUO,2010011S,AFO,2810,Trade Orders,2022-10-01,1,0.067699304,0.067699304
XA,NovoCyte-RUO,2010011S,AFO,2810,Trade Orders,2022-11-01,1,0.067699304,0.067699304
XA,NovoCyte-RUO,2010011S,AFO,2810,Trade Orders,2023-03-01,1,0.067699304,0.067699304
XA,NovoCyte-RUO,2010011S,AFO,2810,Trade Orders,2023-05-01,1,0.067699304,0.067699304
XA,NovoCyte-RUO,2010011S,AFO,2810,Trade Orders,2023-06-01,1,0.067699304,0.067699304
XA,NovoCyte-RUO,2010011S,AFO,2810,Trade Orders,2023-08-01,2,0.067699304,0.135398608
XA,NovoCyte-RUO,2010011S,AFO,2810,Trade Orders,2023-09-01,2,0.067699304,0.135398608
XA,NovoCyte-RUO,2010011S,AFO,2810,Trade Orders,2023-11-01,1,0.067699304,0.067699304
XA,NovoCyte-RUO,2010011S,AFO,2810,Trade Orders,2023-12-01,2,0.067699304,0.135398608
XA,NovoCyte-RUO,2010011S,AFO,2810,Trade Orders,2024-03-01,3,0.067699304,0.203097912
XA,NovoCyte-RUO,2010011S,AFO,2810,Trade Orders,2024-04-01,1,0.067699304,0.067699304
XA,NovoCyte-RUO,2010011S,AFO,2810,Trade Orders,2024-07-01,1,0.067699304,0.067699304
XA,NovoCyte-RUO,2010011S,AFO,2810,Trade Orders,2024-08-01,1,0.067699304,0.067699304
XA,NovoCyte-RUO,2010011S,AFO,2810,Trade Orders,2024-11-01,1,0.067699304,0.067699304
XA,NovoCyte-RUO,2010011S,AFO,2810,Trade Orders,2025-01-01,1,0.067699304,0.067699304
XA,NovoCyte-RUO,2010011S,AFO,2810,Trade Orders,2025-02-01,3,0.067699304,0.203097912
XA,NovoCyte-RUO,2010011S,AFO,2810,Trade Orders,2025-05-01,1,0.067699304,0.067699304
XA,NovoCyte-RUO,2010011S,AFO,2810,Trade Orders,2025-07-01,2,0.067699304,0.135398608
XA,NovoCyte-RUO,2010011S,AFO,2810,Trade Orders,2025-08-01,2,0.067699304,0.135398608
XA,NovoCyte-RUO,2010011S,AFO,2810,Trade Orders,2025-09-01,1,0.067699304,0.067699304
XA,NovoCyte-RUO,2010011S,AFO,2810,Trade Orders,2025-10-01,1,0.067699304,0.067699304
XA,NovoCyte-RUO,2010011S,AFO,2810,Trade Orders,2025-12-01,1,0.067699304,0.067699304
XA,NovoCyte-RUO,2010011S,AFO,2810,Trade Orders,2026-04-01,1,0.067699304,0.067699304
XA,NovoCyte-RUO,2010011S,APAC,SG10,ZGIO,2022-11-01,1,0.055009902,
XA,NovoCyte-RUO,2010011S,GCFO,SG10,Trade Orders,2020-11-01,4,0.041543517,0.166174066
XA,NovoCyte-RUO,2010011S,GCFO,SG10,Trade Orders,2021-05-01,3,0.041543517,0.12463055
XA,NovoCyte-RUO,2010011S,GCFO,SG10,Trade Orders,2021-06-01,1,0.041543517,0.041543517
XA,NovoCyte-RUO,2010011S,GCFO,SG10,Trade Orders,2021-07-01,1,0.041543517,0.041543517
XA,NovoCyte-RUO,2010011S,GCFO,SG10,Trade Orders,2021-08-01,1,0.041543517,0.041543517
XA,NovoCyte-RUO,2010011S,GCFO,SG10,Trade Orders,2021-10-01,2,0.041543517,0.083087033
XA,NovoCyte-RUO,2010011S,GCFO,SG10,Trade Orders,2022-02-01,1,0.041543517,0.041543517
XA,NovoCyte-RUO,2010011S,GCFO,SG10,Trade Orders,2022-06-01,1,0.041543517,0.041543517
XA,NovoCyte-RUO,2010011S,GCFO,SG10,Trade Orders,2022-10-01,1,0.041543517,0.041543517
XA,NovoCyte-RUO,2010011S,GCFO,SG10,Trade Orders,2023-02-01,1,0.041543517,0.041543517
XA,NovoCyte-RUO,2010011S,GCFO,SG10,Trade Orders,2023-03-01,1,0.041543517,0.041543517
XA,NovoCyte-RUO,2010011S,GCFO,SG10,Trade Orders,2023-04-01,1,0.041543517,0.041543517
XA,NovoCyte-RUO,2010011S,GCFO,SG10,Trade Orders,2023-05-01,3,0.041543517,0.12463055
XA,NovoCyte-RUO,2010011S,GCFO,SG10,Trade Orders,2023-06-01,1,0.041543517,0.041543517
XA,NovoCyte-RUO,2010011S,GCFO,SG10,Trade Orders,2023-07-01,1,0.041543517,0.041543517
XA,NovoCyte-RUO,2010011S,GCFO,SG10,Trade Orders,2023-08-01,1,0.041543517,0.041543517
XA,NovoCyte-RUO,2010011S,GCFO,SG10,Trade Orders,2023-09-01,1,0.041543517,0.041543517
XA,NovoCyte-RUO,2010011S,GCFO,SG10,Trade Orders,2023-10-01,1,0.041543517,0.041543517
XA,NovoCyte-RUO,2010011S,GCFO,SG10,Trade Orders,2024-02-01,1,0.041543517,0.041543517
XA,NovoCyte-RUO,2010011S,GCFO,SG10,Trade Orders,2024-04-01,1,0.041543517,0.041543517
XA,NovoCyte-RUO,2010011S,GCFO,SG10,Trade Orders,2024-12-01,2,0.041543517,0.083087033
XA,NovoCyte-RUO,2010011S,GCFO,SG10,Trade Orders,2025-05-01,1,0.041543517,0.041543517
XA,NovoCyte-RUO,2010011S,GCFO,SG10,Trade Orders,2025-10-01,1,0.041543517,0.041543517
XA,NovoCyte-RUO,2010011S,GCFO,SG10,Trade Orders,2025-12-01,1,0.041543517,0.041543517
XA,NovoCyte-RUO,2010025,APAC,SG10,Trade Orders,2022-04-01,1,0.055009902,0.055009902
XA,NovoCyte-RUO,2010025,APAC,SG10,Trade Orders,2023-10-01,1,0.055009902,0.055009902
XA,NovoCyte-RUO,2010025,APAC,SG10,Trade Orders,2024-11-01,1,0.055009902,0.055009902
XA,NovoCyte-RUO,2010025,EMEA,B410,Trade Orders,2023-02-01,1,0.050907146,0.050907146
XA,NovoCyte-RUO,2010025,GCFO,R811,Trade Orders,2023-09-01,1,0.041543517,0.041543517
XA,NovoCyte-RUO,2010027,EMEA,B410,Trade Orders,2024-12-01,1,0.050907146,0.050907146
XA,NovoCyte-RUO,2010034,AFO,2810,Trade Orders,2023-08-01,1,0.067699304,0.067699304
XA,NovoCyte-RUO,2010034,APAC,SG10,Trade Orders,2020-09-01,1,0.055009902,0.055009902
XA,NovoCyte-RUO,2010034,EMEA,B410,Trade Orders,2024-06-01,1,0.050907146,0.050907146
XA,NovoCyte-RUO,2010034,EMEA,B410,Trade Orders,2024-12-01,1,0.050907146,0.050907146
XA,NovoCyte-RUO,2010034,EMEA,B410,Trade Orders,2026-01-01,1,0.050907146,0.050907146
XA,NovoCyte-RUO,2010034,GCFO,R811,Trade Orders,2024-12-01,1,0.041543517,0.041543517
XA,NovoCyte-RUO,2010034,GCFO,R811,Trade Orders,2025-03-01,1,0.041543517,0.041543517
XA,NovoCyte-RUO,2010034,GCFO,R811,Trade Orders,2025-12-01,1,0.041543517,0.041543517
XA,NovoCyte-RUO,2010035,AFO,2810,Trade Orders,2020-12-01,1,0.067699304,0.067699304
XA,NovoCyte-RUO,2010035,APAC,SG10,Trade Orders,2025-02-01,2,0.055009902,0.110019804
XA,NovoCyte-RUO,2010035,EMEA,B410,Trade Orders,2023-10-01,1,0.050907146,0.050907146
XA,NovoCyte-RUO,2010041,AFO,2810,ZC1,2022-02-01,1,0.067699304,
XA,NovoCyte-RUO,2010041,AFO,2810,Trade Orders,2021-09-01,1,0.067699304,0.067699304
XA,NovoCyte-RUO,2010041,AFO,2810,Trade Orders,2022-08-01,1,0.067699304,0.067699304
XA,NovoCyte-RUO,2010041,APAC,AY10,Trade Orders,2021-11-01,1,0.055009902,0.055009902
XA,NovoCyte-RUO,2010041,APAC,SG10,Trade Orders,2022-01-01,1,0.055009902,0.055009902
XA,NovoCyte-RUO,2010041,GCFO,R811,Trade Orders,2020-10-01,1,0.041543517,0.041543517
XA,NovoCyte-RUO,2010041,GCFO,R811,Trade Orders,2021-08-01,1,0.041543517,0.041543517
XA,NovoCyte-RUO,2010041,GCFO,R811,Trade Orders,2021-10-01,1,0.041543517,0.041543517
XA,NovoCyte-RUO,2010041,GCFO,R811,Trade Orders,2022-11-01,1,0.041543517,0.041543517
XA,NovoCyte-RUO,2010041,GCFO,R811,Trade Orders,2024-06-01,1,0.041543517,0.041543517
XA,NovoCyte-RUO,2010041S,AFO,2810,Trade Orders,2025-05-01,1,0.067699304,0.067699304
XA,NovoCyte-RUO,2010041S,GCFO,SG10,Trade Orders,2025-10-01,1,0.041543517,0.041543517
XA,NovoCyte-RUO,2010042,AFO,2810,ZC1,2020-12-01,1,0.067699304,
XA,NovoCyte-RUO,2010042,AFO,2810,Trade Orders,2020-11-01,3,0.067699304,0.203097912
XA,NovoCyte-RUO,2010042,AFO,2810,Trade Orders,2021-05-01,1,0.067699304,0.067699304
XA,NovoCyte-RUO,2010042,AFO,2810,Trade Orders,2021-07-01,1,0.067699304,0.067699304
XA,NovoCyte-RUO,2010042,AFO,2810,Trade Orders,2022-02-01,1,0.067699304,0.067699304
XA,NovoCyte-RUO,2010042,AFO,2810,Trade Orders,2022-06-01,1,0.067699304,0.067699304
XA,NovoCyte-RUO,2010042,EMEA,B410,Trade Orders,2021-08-01,1,0.050907146,0.050907146
XA,NovoCyte-RUO,2010042,EMEA,B410,Trade Orders,2022-12-01,1,0.050907146,0.050907146
XA,NovoCyte-RUO,2010042,EMEA,B410,Trade Orders,2023-05-01,1,0.050907146,0.050907146
XA,NovoCyte-RUO,2010042,EMEA,B410,Trade Orders,2023-12-01,1,0.050907146,0.050907146
XA,NovoCyte-RUO,2010042,GCFO,R811,Trade Orders,2023-08-01,1,0.041543517,0.041543517
XA,NovoCyte-RUO,2010043,AFO,2810,Trade Orders,2022-05-01,1,0.067699304,0.067699304
XA,NovoCyte-RUO,2010043,AFO,2810,Trade Orders,2023-04-01,1,0.067699304,0.067699304
XA,NovoCyte-RUO,2010043,AFO,2810,Trade Orders,2023-05-01,1,0.067699304,0.067699304
XA,NovoCyte-RUO,2010043,APAC,AY10,Trade Orders,2022-08-01,1,0.055009902,0.055009902
XA,NovoCyte-RUO,2010043,EMEA,B410,Trade Orders,2023-02-01,1,0.050907146,0.050907146
XA,NovoCyte-RUO,2010043,EMEA,B410,Trade Orders,2025-03-01,1,0.050907146,0.050907146
XA,NovoCyte-RUO,2010043,GCFO,R811,Trade Orders,2022-08-01,1,0.041543517,0.041543517
XA,NovoCyte-RUO,2010043,GCFO,R811,Trade Orders,2025-12-01,1,0.041543517,0.041543517
XA,NovoCyte-RUO,2010043,GCFO,SG10,ZSD2,2023-11-01,1,0.041543517,
XA,NovoCyte-RUO,2010064,AFO,2810,Trade Orders,2020-09-01,2,0.067699304,0.135398608
XA,NovoCyte-RUO,2010064,AFO,2810,Trade Orders,2020-11-01,1,0.067699304,0.067699304
XA,NovoCyte-RUO,2010064,AFO,2810,Trade Orders,2021-05-01,1,0.067699304,0.067699304
XA,NovoCyte-RUO,2010064,APAC,B410,Trade Orders,2023-04-01,1,0.055009902,0.055009902
XA,NovoCyte-RUO,2010064,APAC,SG10,Trade Orders,2021-04-01,1,0.055009902,0.055009902
XA,NovoCyte-RUO,2010064,APAC,SG10,Trade Orders,2021-09-01,1,0.055009902,0.055009902
XA,NovoCyte-RUO,2010064,APAC,SG10,Trade Orders,2023-08-01,1,0.055009902,0.055009902
XA,NovoCyte-RUO,2010064,APAC,SG10,Trade Orders,2024-10-01,1,0.055009902,0.055009902
XA,NovoCyte-RUO,2010064,EMEA,B410,ZC1,2021-03-01,1,0.050907146,
XA,NovoCyte-RUO,2010064,EMEA,B410,ZC1,2022-07-01,1,0.050907146,
XA,NovoCyte-RUO,2010064,EMEA,B410,ZC1,2023-11-01,1,0.050907146,
XA,NovoCyte-RUO,2010064,EMEA,B410,ZC1,2024-07-01,1,0.050907146,
XA,NovoCyte-RUO,2010064,EMEA,B410,Trade Orders,2020-11-01,3,0.050907146,0.152721438
XA,NovoCyte-RUO,2010064,EMEA,B410,Trade Orders,2021-05-01,2,0.050907146,0.101814292
XA,NovoCyte-RUO,2010064,EMEA,B410,Trade Orders,2021-07-01,1,0.050907146,0.050907146
XA,NovoCyte-RUO,2010064,EMEA,B410,Trade Orders,2021-08-01,1,0.050907146,0.050907146
XA,NovoCyte-RUO,2010064,EMEA,B410,Trade Orders,2021-10-01,1,0.050907146,0.050907146
XA,NovoCyte-RUO,2010064,EMEA,B410,Trade Orders,2022-08-01,1,0.050907146,0.050907146
XA,NovoCyte-RUO,2010064,EMEA,B410,Trade Orders,2022-09-01,1,0.050907146,0.050907146
XA,NovoCyte-RUO,2010064,EMEA,B410,Trade Orders,2022-11-01,1,0.050907146,0.050907146
XA,NovoCyte-RUO,2010064,EMEA,B410,Trade Orders,2022-12-01,1,0.050907146,0.050907146
XA,NovoCyte-RUO,2010064,EMEA,B410,Trade Orders,2023-03-01,2,0.050907146,0.101814292
XA,NovoCyte-RUO,2010064,EMEA,B410,Trade Orders,2023-08-01,1,0.050907146,0.050907146
XA,NovoCyte-RUO,2010064,EMEA,B410,Trade Orders,2025-01-01,1,0.050907146,0.050907146
XA,NovoCyte-RUO,2010064,EMEA,B410,Trade Orders,2025-08-01,1,0.050907146,0.050907146
XA,NovoCyte-RUO,2010064,EMEA,B410,Trade Orders,2025-11-01,1,0.050907146,0.050907146
XA,NovoCyte-RUO,2010064,EMEA,B410,Trade Orders,2026-04-01,1,0.050907146,0.050907146
XA,NovoCyte-RUO,2010064,GCFO,R811,Trade Orders,2021-01-01,1,0.041543517,0.041543517
XA,NovoCyte-RUO,2010064,GCFO,R811,Trade Orders,2022-04-01,1,0.041543517,0.041543517
XA,NovoCyte-RUO,2010064,GCFO,R811,Trade Orders,2023-02-01,1,0.041543517,0.041543517
XA,NovoCyte-RUO,2010064,GCFO,R811,Trade Orders,2023-12-01,1,0.041543517,0.041543517
XA,NovoCyte-RUO,2010064,GCFO,R811,Trade Orders,2024-01-01,1,0.041543517,0.041543517
XA,NovoCyte-RUO,2010064,GCFO,R811,Trade Orders,2025-10-01,1,0.041543517,0.041543517
XA,NovoCyte-RUO,2010064,GCFO,R811,Trade Orders,2026-01-01,2,0.041543517,0.083087033
XA,NovoCyte-RUO,2010064S,AFO,2810,ZC1,2023-02-01,1,0.067699304,
XA,NovoCyte-RUO,2010064S,AFO,2810,ZC1,2023-11-01,1,0.067699304,
XA,NovoCyte-RUO,2010064S,AFO,2810,Trade Orders,2021-04-01,1,0.067699304,0.067699304
XA,NovoCyte-RUO,2010064S,AFO,2810,Trade Orders,2021-06-01,1,0.067699304,0.067699304
XA,NovoCyte-RUO,2010064S,AFO,2810,Trade Orders,2021-07-01,1,0.067699304,0.067699304
XA,NovoCyte-RUO,2010064S,AFO,2810,Trade Orders,2021-08-01,3,0.067699304,0.203097912
XA,NovoCyte-RUO,2010064S,AFO,2810,Trade Orders,2021-09-01,1,0.067699304,0.067699304
XA,NovoCyte-RUO,2010064S,AFO,2810,Trade Orders,2021-10-01,2,0.067699304,0.135398608
XA,NovoCyte-RUO,2010064S,AFO,2810,Trade Orders,2022-01-01,3,0.067699304,0.203097912
XA,NovoCyte-RUO,2010064S,AFO,2810,Trade Orders,2022-11-01,1,0.067699304,0.067699304
XA,NovoCyte-RUO,2010064S,AFO,2810,Trade Orders,2023-01-01,1,0.067699304,0.067699304
XA,NovoCyte-RUO,2010064S,AFO,2810,Trade Orders,2023-02-01,1,0.067699304,0.067699304
XA,NovoCyte-RUO,2010064S,AFO,2810,Trade Orders,2023-04-01,1,0.067699304,0.067699304
XA,NovoCyte-RUO,2010064S,AFO,2810,Trade Orders,2023-05-01,1,0.067699304,0.067699304
XA,NovoCyte-RUO,2010064S,AFO,2810,Trade Orders,2023-10-01,1,0.067699304,0.067699304
XA,NovoCyte-RUO,2010064S,AFO,2810,Trade Orders,2024-04-01,1,0.067699304,0.067699304
XA,NovoCyte-RUO,2010064S,AFO,2810,Trade Orders,2024-05-01,1,0.067699304,0.067699304
XA,NovoCyte-RUO,2010064S,AFO,2810,Trade Orders,2024-10-01,1,0.067699304,0.067699304
XA,NovoCyte-RUO,2010064S,APAC,SG10,Trade Orders,2025-07-01,1,0.055009902,0.055009902
XA,NovoCyte-RUO,2010064S,GCFO,SG10,Trade Orders,2020-11-01,1,0.041543517,0.041543517
XA,NovoCyte-RUO,2010064S,GCFO,SG10,Trade Orders,2021-05-01,1,0.041543517,0.041543517
XA,NovoCyte-RUO,2010064S,GCFO,SG10,Trade Orders,2022-05-01,1,0.041543517,0.041543517
XA,NovoCyte-RUO,2010064S,GCFO,SG10,Trade Orders,2023-08-01,1,0.041543517,0.041543517
XA,NovoCyte-RUO,2010065,AFO,2810,Trade Orders,2025-01-01,1,0.067699304,0.067699304
XA,NovoCyte-RUO,2010065,APAC,SG10,Trade Orders,2021-04-01,1,0.055009902,0.055009902
XA,NovoCyte-RUO,2010065,APAC,SG10,Trade Orders,2021-09-01,1,0.055009902,0.055009902
XA,NovoCyte-RUO,2010065,APAC,SG10,Trade Orders,2023-12-01,1,0.055009902,0.055009902
XA,NovoCyte-RUO,2010065,EMEA,B410,Trade Orders,2020-12-01,1,0.050907146,0.050907146
XA,NovoCyte-RUO,2010065,GCFO,R811,Trade Orders,2021-11-01,1,0.041543517,0.041543517
XA,NovoCyte-RUO,2010065,GCFO,R811,Trade Orders,2021-12-01,1,0.041543517,0.041543517
XA,NovoCyte-RUO,2010065,GCFO,R811,Trade Orders,2022-02-01,1,0.041543517,0.041543517
XA,NovoCyte-RUO,2010065,GCFO,R811,Trade Orders,2022-08-01,1,0.041543517,0.041543517
XA,NovoCyte-RUO,2010065,GCFO,R811,Trade Orders,2022-09-01,1,0.041543517,0.041543517
XA,NovoCyte-RUO,2010076,AFO,2810,Trade Orders,2024-01-01,1,0.067699304,0.067699304
XA,NovoCyte-RUO,2010076,APAC,SG10,Trade Orders,2025-08-01,1,0.055009902,0.055009902
XA,NovoCyte-RUO,2010076,EMEA,B410,Trade Orders,2022-04-01,1,0.050907146,0.050907146
XA,NovoCyte-RUO,2010076,EMEA,B410,Trade Orders,2025-12-01,1,0.050907146,0.050907146
XA,NovoCyte-RUO,2010076,GCFO,R811,Trade Orders,2021-08-01,1,0.041543517,0.041543517
XA,NovoCyte-RUO,2010076,GCFO,R811,Trade Orders,2022-11-01,1,0.041543517,0.041543517
XA,NovoCyte-RUO,2010076,GCFO,R811,Trade Orders,2023-02-01,1,0.041543517,0.041543517
XA,NovoCyte-RUO,2010076,GCFO,R811,Trade Orders,2023-04-01,1,0.041543517,0.041543517
XA,NovoCyte-RUO,2010076,GCFO,R811,Trade Orders,2023-12-01,2,0.041543517,0.083087033
XA,NovoCyte-RUO,2010076,GCFO,R811,Trade Orders,2024-05-01,1,0.041543517,0.041543517
XA,NovoCyte-RUO,2010076,GCFO,R811,Trade Orders,2024-07-01,1,0.041543517,0.041543517
XA,NovoCyte-RUO,2010076,GCFO,R811,Trade Orders,2024-11-01,1,0.041543517,0.041543517
XA,NovoCyte-RUO,2010076,GCFO,R811,Trade Orders,2025-04-01,1,0.041543517,0.041543517
XA,NovoCyte-RUO,2010076,GCFO,R811,Trade Orders,2025-07-01,1,0.041543517,0.041543517
XA,NovoCyte-RUO,2010076,GCFO,R811,Trade Orders,2025-11-01,1,0.041543517,0.041543517
XA,NovoCyte-RUO,2010076,GCFO,R811,Trade Orders,2026-03-01,1,0.041543517,0.041543517
XA,NovoCyte-RUO,2010076,GCFO,R811,Trade Orders,2026-04-01,1,0.041543517,0.041543517
XA,NovoCyte-RUO,2010090,APAC,SG10,Trade Orders,2023-06-01,1,0.055009902,0.055009902
XA,NovoCyte-RUO,2010090,GCFO,R811,Trade Orders,2021-01-01,1,0.041543517,0.041543517
XA,NovoCyte-RUO,2010090,GCFO,R811,Trade Orders,2021-08-01,1,0.041543517,0.041543517
XA,NovoCyte-RUO,2010090,GCFO,R811,Trade Orders,2021-12-01,1,0.041543517,0.041543517
XA,NovoCyte-RUO,2010090,GCFO,R811,Trade Orders,2022-03-01,1,0.041543517,0.041543517
XA,NovoCyte-RUO,2010090,GCFO,R811,Trade Orders,2023-05-01,1,0.041543517,0.041543517
XA,NovoCyte-RUO,2010090,GCFO,R811,Trade Orders,2023-08-01,1,0.041543517,0.041543517
XA,NovoCyte-RUO,2010090,GCFO,R811,Trade Orders,2024-04-01,2,0.041543517,0.083087033
XA,NovoCyte-RUO,2010090,GCFO,R811,Trade Orders,2024-07-01,1,0.041543517,0.041543517
XA,NovoCyte-RUO,2010090,GCFO,R811,Trade Orders,2026-04-01,1,0.041543517,0.041543517
XA,Opteon-RUO,S2811-64000,AFO,2810,ZC1,2024-05-01,1,0.202136355,
XA,Opteon-RUO,S2811-64000,AFO,2810,ZC1,2024-08-01,2,0.202136355,
XA,Opteon-RUO,S2811-64000,AFO,2810,ZC1,2024-11-01,2,0.202136355,
XA,Opteon-RUO,S2811-64000,AFO,2810,Trade Orders,2024-08-01,1,0.202136355,0.202136355
XA,Opteon-RUO,S2811-64000,AFO,2810,Trade Orders,2024-11-01,1,0.202136355,0.202136355
XA,Opteon-RUO,S2811-64000,AFO,2810,Trade Orders,2025-01-01,1,0.202136355,0.202136355
XA,Opteon-RUO,S2811-64000,AFO,2810,Trade Orders,2025-12-01,1,0.202136355,0.202136355
XA,Opteon-RUO,S2811-64000,AFO,2810,Trade Orders,2026-01-01,1,0.202136355,0.202136355
XA,Opteon-RUO,S2811-64000,AFO,R805,ZGIO,2022-11-01,1,0.202136355,
XA,Opteon-RUO,S2811-64000,AFO,R805,ZGIO,2023-12-01,1,0.202136355,
XA,Opteon-RUO,S2811-64000,AFO,R805,ZGIO,2024-01-01,1,0.202136355,
XA,Opteon-RUO,S2811-64000,APAC,AY10,ZC1,2024-11-01,1,0.202896654,
XA,Opteon-RUO,S2811-64000,APAC,B410,ZC1,2025-05-01,1,0.202896654,
XA,Opteon-RUO,S2811-64000,APAC,SG10,ZC1,2024-05-01,1,0.202896654,
XA,Opteon-RUO,S2811-64000,APAC,SG10,ZC1,2024-06-01,1,0.202896654,
XA,Opteon-RUO,S2811-64000,APAC,SG10,ZC1,2025-09-01,1,0.202896654,
XA,Opteon-RUO,S2811-64000,APAC,SG10,ZGIO,2025-03-01,1,0.202896654,
XA,Opteon-RUO,S2811-64000,APAC,SG10,Trade Orders,2026-01-01,1,0.202896654,0.202896654
XA,Opteon-RUO,S2811-64000,APAC,SG10,Trade Orders,2026-02-01,1,0.202896654,0.202896654
XA,Opteon-RUO,S2811-64000,EMEA,B410,ZC1,2024-06-01,2,0.227863798,
XA,Opteon-RUO,S2811-64000,EMEA,B410,ZC1,2024-07-01,1,0.227863798,
XA,Opteon-RUO,S2811-64000,EMEA,B410,ZC1,2025-09-01,1,0.227863798,
XA,Opteon-RUO,S2811-64000,EMEA,B410,ZC1,2025-12-01,1,0.227863798,
XA,Opteon-RUO,S2811-64000,EMEA,B410,ZC1,2026-03-01,1,0.227863798,
XA,Opteon-RUO,S2811-64000,EMEA,B410,ZGIO,2025-03-01,1,0.227863798,
XA,Opteon-RUO,S2811-64000,EMEA,B410,ZGIO,2025-04-01,1,0.227863798,
XA,Opteon-RUO,S2811-64000,EMEA,B410,ZSD1,2026-03-01,1,0.227863798,
XA,Opteon-RUO,S2811-64000,EMEA,B410,Trade Orders,2024-08-01,2,0.227863798,0.455727596
XA,Opteon-RUO,S2811-64000,EMEA,B410,Trade Orders,2025-01-01,1,0.227863798,0.227863798
XA,Opteon-RUO,S2811-64000,EMEA,B410,Trade Orders,2025-02-01,1,0.227863798,0.227863798
XA,Opteon-RUO,S2811-64000,EMEA,B410,Trade Orders,2025-03-01,1,0.227863798,0.227863798
XA,Opteon-RUO,S2811-64000,EMEA,B410,Trade Orders,2025-04-01,1,0.227863798,0.227863798
XA,Opteon-RUO,S2811-64000,EMEA,B410,Trade Orders,2025-07-01,2,0.227863798,0.455727596
XA,Opteon-RUO,S2811-64000,EMEA,B410,Trade Orders,2025-09-01,2,0.227863798,0.455727596
XA,Opteon-RUO,S2811-64000,EMEA,B410,Trade Orders,2025-10-01,1,0.227863798,0.227863798
XA,Opteon-RUO,S2811-64000,EMEA,B410,Trade Orders,2025-12-01,1,0.227863798,0.227863798
XA,Opteon-RUO,S2811-64000,EMEA,B410,Trade Orders,2026-01-01,3,0.227863798,0.683591394
XA,Opteon-RUO,S2811-64000,EMEA,B410,Trade Orders,2026-04-01,1,0.227863798,0.227863798
XA,Opteon-RUO,S2811-64000,GCFO,R811,ZC1,2024-05-01,1,0.178689809,
XA,Opteon-RUO,S2811-64000,GCFO,R811,ZC1,2024-11-01,1,0.178689809,
XA,Opteon-RUO,S2811-64000,GCFO,R811,ZC1,2024-12-01,1,0.178689809,
XA,Opteon-RUO,S2811-64000,GCFO,R811,ZC1,2026-01-01,1,0.178689809,
XA,Opteon-RUO,S2811-64000,GCFO,R811,Trade Orders,2024-08-01,1,0.178689809,0.178689809
XA,Opteon-RUO,S2811-64000,GCFO,R811,Trade Orders,2024-09-01,1,0.178689809,0.178689809
XA,Opteon-RUO,S2811-64000S,AFO,2810,ZC1,2024-12-01,2,0.202136355,
XA,Opteon-RUO,S2811-64000S,AFO,2810,ZC1,2025-06-01,2,0.202136355,
XA,Opteon-RUO,S2811-64000S,AFO,2810,ZC1,2025-07-01,2,0.202136355,
XA,Opteon-RUO,S2811-64000S,AFO,2810,ZC1,2025-08-01,1,0.202136355,
XA,Opteon-RUO,S2811-64000S,AFO,2810,ZC1,2025-09-01,2,0.202136355,
XA,Opteon-RUO,S2811-64000S,AFO,2810,ZC1,2025-12-01,1,0.202136355,
XA,Opteon-RUO,S2811-64000S,AFO,2810,ZC1,2026-03-01,4,0.202136355,
XA,Opteon-RUO,S2811-64000S,AFO,2810,Trade Orders,2025-02-01,2,0.202136355,0.40427271
XA,Opteon-RUO,S2811-64000S,AFO,2810,Trade Orders,2025-05-01,2,0.202136355,0.40427271
XA,Opteon-RUO,S2811-64000S,AFO,2810,Trade Orders,2025-06-01,1,0.202136355,0.202136355
XA,Opteon-RUO,S2811-64000S,AFO,2810,Trade Orders,2025-08-01,1,0.202136355,0.202136355
XA,Opteon-RUO,S2811-64000S,AFO,2810,Trade Orders,2025-10-01,1,0.202136355,0.202136355
XA,Opteon-RUO,S2811-64000S,AFO,2810,Trade Orders,2025-11-01,1,0.202136355,0.202136355
XA,Opteon-RUO,S2811-64000S,AFO,2810,Trade Orders,2025-12-01,2,0.202136355,0.40427271
XA,Opteon-RUO,S2811-64000S,AFO,2810,Trade Orders,2026-02-01,1,0.202136355,0.202136355
XA,Opteon-RUO,S2811-64000S,APAC,SG10,Trade Orders,2026-03-01,1,0.202896654,0.202896654
XA,Opteon-RUO,S2811-64000S,GCFO,SG10,ZC1,2025-05-01,1,0.178689809,
XA,Opteon-RUO,S2811-64000S,GCFO,SG10,Trade Orders,2025-02-01,1,0.178689809,0.178689809
XA,Opteon-RUO,S2811-64007,GCFO,SG10,Trade Orders,2025-12-01,2,0.178689809,0.357379619
XA,Opteon-RUO,S2811-64008,AFO,2810,Trade Orders,2024-08-01,1,0.202136355,0.202136355
XA,Opteon-RUO,S2811-64008,EMEA,B410,Trade Orders,2025-01-01,1,0.227863798,0.227863798
XA,Opteon-RUO,S2811-64008,EMEA,B410,Trade Orders,2025-05-01,1,0.227863798,0.227863798
XA,Opteon-RUO,S2811-64008,EMEA,B410,Trade Orders,2025-10-01,1,0.227863798,0.227863798
XA,Opteon-RUO,S2811-64008,EMEA,B410,Trade Orders,2025-12-01,1,0.227863798,0.227863798
XA,Opteon-RUO,S2811-64008,GCFO,R811,ZC1,2024-08-01,1,0.178689809,
XA,Opteon-RUO,S2811-64008,GCFO,R811,ZC1,2024-12-01,1,0.178689809,
XA,Opteon-RUO,S2811-64008,GCFO,R811,ZC1,2025-08-01,1,0.178689809,
XA,Opteon-RUO,S2811-64008,GCFO,R811,Trade Orders,2025-01-01,1,0.178689809,0.178689809
XA,Opteon-RUO,S2811-64008,GCFO,R811,Trade Orders,2025-06-01,1,0.178689809,0.178689809
XA,Opteon-RUO,S2811-64008,GCFO,R811,Trade Orders,2025-08-01,1,0.178689809,0.178689809
XA,Opteon-RUO,S2811-64008,GCFO,R811,Trade Orders,2025-09-01,1,0.178689809,0.178689809
XA,Opteon-RUO,S2811-64008,GCFO,R811,Trade Orders,2025-11-01,1,0.178689809,0.178689809
XA,Opteon-RUO,S2811-64008,GCFO,R811,Trade Orders,2025-12-01,1,0.178689809,0.178689809
XA,Opteon-RUO,S2811-64008,GCFO,R811,Trade Orders,2026-01-01,1,0.178689809,0.178689809
XA,Opteon-RUO,S2811-64008,GCFO,SG10,Trade Orders,2024-12-01,1,0.178689809,0.178689809
XA,Opteon-RUO,S2811-64008S,AFO,2810,Trade Orders,2025-01-01,1,0.202136355,0.202136355
XA,Opteon-RUO,S2811-64008S,AFO,2810,Trade Orders,2025-02-01,1,0.202136355,0.202136355
XA,Opteon-RUO,S2811-64008S,AFO,2810,Trade Orders,2026-01-01,1,0.202136355,0.202136355
XA,Opteon-RUO,S2811-64008S,AFO,2810,Trade Orders,2026-03-01,1,0.202136355,0.202136355
XA,Opteon-RUO,S2811-64008S,GCFO,SG10,Trade Orders,2025-06-01,1,0.178689809,0.178689809
XA,Opteon-RUO,S2811-64008S,GCFO,SG10,Trade Orders,2025-11-01,1,0.178689809,0.178689809
XA,Opteon-RUO,S2811-64008S,GCFO,SG10,Trade Orders,2026-03-01,2,0.178689809,0.357379619
XA,Opteon-RUO,S2811-64008S,GCFO,SG10,Trade Orders,2026-06-01,1,0.178689809,0.178689809
XA,Opteon-RUO,S2811-64010,EMEA,B410,Trade Orders,2024-12-01,1,0.227863798,0.227863798
XA,Opteon-RUO,S2811-64011,AFO,2810,Trade Orders,2024-11-01,2,0.202136355,0.40427271
XA,Opteon-RUO,S2811-64011,AFO,2810,Trade Orders,2025-07-01,1,0.202136355,0.202136355
XA,Opteon-RUO,S2811-64011,APAC,SG10,Trade Orders,2025-11-01,1,0.202896654,0.202896654
XA,Opteon-RUO,S2811-64011,EMEA,B410,Trade Orders,2025-01-01,1,0.227863798,0.227863798
XA,Opteon-RUO,S2811-64011,EMEA,B410,Trade Orders,2025-10-01,1,0.227863798,0.227863798
XA,Opteon-RUO,S2811-64011,GCFO,SG10,Trade Orders,2024-07-01,1,0.178689809,0.178689809
XA,Opteon-RUO,S2811-64011,GCFO,SG10,Trade Orders,2026-02-01,1,0.178689809,0.178689809
XA,Opteon-RUO,S2811-64011S,AFO,2810,Trade Orders,2025-07-01,1,0.202136355,0.202136355
XA,Opteon-RUO,S2811-64011S,AFO,2810,Trade Orders,2025-10-01,1,0.202136355,0.202136355
XA,Opteon-RUO,S2811-64011S,AFO,2810,Trade Orders,2026-01-01,1,0.202136355,0.202136355
XA,Opteon-RUO,S2811-64011S,APAC,SG10,Trade Orders,2025-07-01,1,0.202896654,0.202896654
XA,Opteon-RUO,S2811-64011S,APAC,SG10,Trade Orders,2025-10-01,1,0.202896654,0.202896654
XA,Opteon-RUO,S2811-64012,AFO,2810,Trade Orders,2024-12-01,1,0.202136355,0.202136355
XA,Penteon-RUO,2010284,AFO,2810,ZC1,2021-06-01,1,0.218905067,
XA,Penteon-RUO,2010284,AFO,2810,ZC1,2021-07-01,1,0.218905067,
XA,Penteon-RUO,2010284,AFO,2810,ZC1,2022-06-01,1,0.218905067,
XA,Penteon-RUO,2010284,AFO,2810,ZGIO,2022-05-01,1,0.218905067,
XA,Penteon-RUO,2010284,AFO,2810,Trade Orders,2020-10-01,2,0.218905067,0.437810134
XA,Penteon-RUO,2010284,AFO,2810,Trade Orders,2021-01-01,1,0.218905067,0.218905067
XA,Penteon-RUO,2010284,AFO,2810,Trade Orders,2021-03-01,1,0.218905067,0.218905067
XA,Penteon-RUO,2010284,AFO,2810,Trade Orders,2021-04-01,2,0.218905067,0.437810134
XA,Penteon-RUO,2010284,AFO,2810,Trade Orders,2021-05-01,3,0.218905067,0.656715201
XA,Penteon-RUO,2010284,AFO,2810,Trade Orders,2021-07-01,1,0.218905067,0.218905067
XA,Penteon-RUO,2010284,AFO,2810,Trade Orders,2021-09-01,4,0.218905067,0.875620268
XA,Penteon-RUO,2010284,AFO,2810,Trade Orders,2021-10-01,5,0.218905067,1.094525336
XA,Penteon-RUO,2010284,AFO,2810,Trade Orders,2021-11-01,1,0.218905067,0.218905067
XA,Penteon-RUO,2010284,AFO,2810,Trade Orders,2021-12-01,3,0.218905067,0.656715201
XA,Penteon-RUO,2010284,AFO,2810,Trade Orders,2022-01-01,1,0.218905067,0.218905067
XA,Penteon-RUO,2010284,AFO,2810,Trade Orders,2022-03-01,2,0.218905067,0.437810134
XA,Penteon-RUO,2010284,AFO,2810,Trade Orders,2022-05-01,2,0.218905067,0.437810134
XA,Penteon-RUO,2010284,AFO,2810,Trade Orders,2022-06-01,4,0.218905067,0.875620268
XA,Penteon-RUO,2010284,AFO,2810,Trade Orders,2022-07-01,1,0.218905067,0.218905067
XA,Penteon-RUO,2010284,AFO,2810,Trade Orders,2022-08-01,1,0.218905067,0.218905067
XA,Penteon-RUO,2010284,AFO,2810,Trade Orders,2023-02-01,1,0.218905067,0.218905067
XA,Penteon-RUO,2010284,AFO,2810,Trade Orders,2025-02-01,1,0.218905067,0.218905067
XA,Penteon-RUO,2010284,APAC,AY10,ZC1,2022-03-01,1,0.210149347,
XA,Penteon-RUO,2010284,APAC,AY10,ZC1,2025-03-01,1,0.210149347,
XA,Penteon-RUO,2010284,APAC,AY10,Trade Orders,2021-06-01,2,0.210149347,0.420298694
XA,Penteon-RUO,2010284,APAC,AY10,Trade Orders,2022-01-01,1,0.210149347,0.210149347
XA,Penteon-RUO,2010284,APAC,AY10,Trade Orders,2022-04-01,1,0.210149347,0.210149347
XA,Penteon-RUO,2010284,APAC,AY10,Trade Orders,2023-07-01,1,0.210149347,0.210149347
XA,Penteon-RUO,2010284,APAC,AY10,Trade Orders,2023-08-01,1,0.210149347,0.210149347
XA,Penteon-RUO,2010284,APAC,AY10,Trade Orders,2024-09-01,1,0.210149347,0.210149347
XA,Penteon-RUO,2010284,APAC,AY10,Trade Orders,2025-04-01,2,0.210149347,0.420298694
XA,Penteon-RUO,2010284,APAC,AY10,Trade Orders,2025-07-01,1,0.210149347,0.210149347
XA,Penteon-RUO,2010284,APAC,AY10,Trade Orders,2025-11-01,1,0.210149347,0.210149347
XA,Penteon-RUO,2010284,APAC,AY10,Trade Orders,2026-02-01,1,0.210149347,0.210149347
XA,Penteon-RUO,2010284,APAC,B410,ZC1,2025-04-01,1,0.210149347,
XA,Penteon-RUO,2010284,APAC,B410,Trade Orders,2024-10-01,1,0.210149347,0.210149347
XA,Penteon-RUO,2010284,APAC,SG10,ZC1,2021-11-01,1,0.210149347,
XA,Penteon-RUO,2010284,APAC,SG10,ZC1,2023-09-01,1,0.210149347,
XA,Penteon-RUO,2010284,APAC,SG10,ZC1,2024-03-01,1,0.210149347,
XA,Penteon-RUO,2010284,APAC,SG10,ZC1,2024-06-01,1,0.210149347,
XA,Penteon-RUO,2010284,APAC,SG10,ZGIO,2023-01-01,1,0.210149347,
XA,Penteon-RUO,2010284,APAC,SG10,Trade Orders,2021-05-01,1,0.210149347,0.210149347
XA,Penteon-RUO,2010284,APAC,SG10,Trade Orders,2021-10-01,2,0.210149347,0.420298694
XA,Penteon-RUO,2010284,APAC,SG10,Trade Orders,2022-07-01,1,0.210149347,0.210149347
XA,Penteon-RUO,2010284,APAC,SG10,Trade Orders,2023-04-01,1,0.210149347,0.210149347
XA,Penteon-RUO,2010284,APAC,SG10,Trade Orders,2023-09-01,1,0.210149347,0.210149347
XA,Penteon-RUO,2010284,APAC,SG10,Trade Orders,2024-05-01,1,0.210149347,0.210149347
XA,Penteon-RUO,2010284,APAC,SG10,Trade Orders,2025-01-01,1,0.210149347,0.210149347
XA,Penteon-RUO,2010284,EMEA,B410,ZC1,2021-07-01,2,0.191600148,
XA,Penteon-RUO,2010284,EMEA,B410,ZC1,2022-10-01,2,0.191600148,
XA,Penteon-RUO,2010284,EMEA,B410,ZC1,2023-08-01,1,0.191600148,
XA,Penteon-RUO,2010284,EMEA,B410,ZC1,2023-11-01,1,0.191600148,
XA,Penteon-RUO,2010284,EMEA,B410,ZC1,2024-07-01,2,0.191600148,
XA,Penteon-RUO,2010284,EMEA,B410,ZC1,2025-11-01,1,0.191600148,
XA,Penteon-RUO,2010284,EMEA,B410,ZC1,2025-12-01,1,0.191600148,
XA,Penteon-RUO,2010284,EMEA,B410,Trade Orders,2021-01-01,1,0.191600148,0.191600148
XA,Penteon-RUO,2010284,EMEA,B410,Trade Orders,2022-07-01,2,0.191600148,0.383200296
XA,Penteon-RUO,2010284,EMEA,B410,Trade Orders,2022-10-01,1,0.191600148,0.191600148
XA,Penteon-RUO,2010284,EMEA,B410,Trade Orders,2022-11-01,1,0.191600148,0.191600148
XA,Penteon-RUO,2010284,EMEA,B410,Trade Orders,2023-01-01,1,0.191600148,0.191600148
XA,Penteon-RUO,2010284,EMEA,B410,Trade Orders,2023-03-01,1,0.191600148,0.191600148
XA,Penteon-RUO,2010284,EMEA,B410,Trade Orders,2023-04-01,1,0.191600148,0.191600148
XA,Penteon-RUO,2010284,EMEA,B410,Trade Orders,2023-07-01,1,0.191600148,0.191600148
XA,Penteon-RUO,2010284,EMEA,B410,Trade Orders,2023-09-01,2,0.191600148,0.383200296
XA,Penteon-RUO,2010284,EMEA,B410,Trade Orders,2023-11-01,2,0.191600148,0.383200296
XA,Penteon-RUO,2010284,EMEA,B410,Trade Orders,2024-05-01,1,0.191600148,0.191600148
XA,Penteon-RUO,2010284,EMEA,B410,Trade Orders,2024-06-01,1,0.191600148,0.191600148
XA,Penteon-RUO,2010284,EMEA,B410,Trade Orders,2025-05-01,1,0.191600148,0.191600148
XA,Penteon-RUO,2010284,EMEA,B410,Trade Orders,2025-06-01,1,0.191600148,0.191600148
XA,Penteon-RUO,2010284,EMEA,B410,Trade Orders,2026-01-01,2,0.191600148,0.383200296
XA,Penteon-RUO,2010284,GCFO,R811,Trade Orders,2021-01-01,1,0.232931553,0.232931553
XA,Penteon-RUO,2010284,GCFO,R811,Trade Orders,2021-05-01,1,0.232931553,0.232931553
XA,Penteon-RUO,2010284,GCFO,R811,Trade Orders,2024-02-01,1,0.232931553,0.232931553
XA,Penteon-RUO,2010284,GCFO,R811,Trade Orders,2024-06-01,1,0.232931553,0.232931553
XA,Penteon-RUO,2010284S,AFO,2810,ZC1,2022-08-01,1,0.218905067,
XA,Penteon-RUO,2010284S,AFO,2810,ZC1,2022-11-01,3,0.218905067,
XA,Penteon-RUO,2010284S,AFO,2810,ZC1,2023-02-01,1,0.218905067,
XA,Penteon-RUO,2010284S,AFO,2810,ZC1,2023-03-01,2,0.218905067,
XA,Penteon-RUO,2010284S,AFO,2810,ZC1,2023-04-01,2,0.218905067,
XA,Penteon-RUO,2010284S,AFO,2810,ZC1,2023-05-01,2,0.218905067,
XA,Penteon-RUO,2010284S,AFO,2810,ZC1,2023-08-01,2,0.218905067,
XA,Penteon-RUO,2010284S,AFO,2810,ZC1,2023-09-01,2,0.218905067,
XA,Penteon-RUO,2010284S,AFO,2810,ZC1,2023-10-01,1,0.218905067,
XA,Penteon-RUO,2010284S,AFO,2810,ZC1,2023-11-01,1,0.218905067,
XA,Penteon-RUO,2010284S,AFO,2810,ZC1,2023-12-01,1,0.218905067,
XA,Penteon-RUO,2010284S,AFO,2810,ZC1,2024-02-01,1,0.218905067,
XA,Penteon-RUO,2010284S,AFO,2810,ZC1,2024-03-01,1,0.218905067,
XA,Penteon-RUO,2010284S,AFO,2810,ZC1,2024-05-01,1,0.218905067,
XA,Penteon-RUO,2010284S,AFO,2810,ZC1,2024-06-01,1,0.218905067,
XA,Penteon-RUO,2010284S,AFO,2810,ZC1,2024-07-01,1,0.218905067,
XA,Penteon-RUO,2010284S,AFO,2810,ZC1,2024-08-01,1,0.218905067,
XA,Penteon-RUO,2010284S,AFO,2810,ZC1,2025-04-01,2,0.218905067,
XA,Penteon-RUO,2010284S,AFO,2810,ZC1,2025-06-01,3,0.218905067,
XA,Penteon-RUO,2010284S,AFO,2810,ZC1,2025-10-01,1,0.218905067,
XA,Penteon-RUO,2010284S,AFO,2810,ZGIO,2025-01-01,1,0.218905067,
XA,Penteon-RUO,2010284S,AFO,2810,ZGIO,2025-02-01,1,0.218905067,
XA,Penteon-RUO,2010284S,AFO,2810,ZSD1,2023-04-01,1,0.218905067,
XA,Penteon-RUO,2010284S,AFO,2810,ZSD1,2025-10-01,1,0.218905067,
XA,Penteon-RUO,2010284S,AFO,2810,ZSD2,2022-11-01,1,0.218905067,
XA,Penteon-RUO,2010284S,AFO,2810,Trade Orders,2022-07-01,1,0.218905067,0.218905067
XA,Penteon-RUO,2010284S,AFO,2810,Trade Orders,2022-08-01,2,0.218905067,0.437810134
XA,Penteon-RUO,2010284S,AFO,2810,Trade Orders,2022-10-01,1,0.218905067,0.218905067
XA,Penteon-RUO,2010284S,AFO,2810,Trade Orders,2022-11-01,1,0.218905067,0.218905067
XA,Penteon-RUO,2010284S,AFO,2810,Trade Orders,2023-01-01,4,0.218905067,0.875620268
XA,Penteon-RUO,2010284S,AFO,2810,Trade Orders,2023-02-01,1,0.218905067,0.218905067
XA,Penteon-RUO,2010284S,AFO,2810,Trade Orders,2023-03-01,1,0.218905067,0.218905067
XA,Penteon-RUO,2010284S,AFO,2810,Trade Orders,2023-04-01,3,0.218905067,0.656715201
XA,Penteon-RUO,2010284S,AFO,2810,Trade Orders,2023-05-01,1,0.218905067,0.218905067
XA,Penteon-RUO,2010284S,AFO,2810,Trade Orders,2023-06-01,3,0.218905067,0.656715201
XA,Penteon-RUO,2010284S,AFO,2810,Trade Orders,2023-07-01,2,0.218905067,0.437810134
XA,Penteon-RUO,2010284S,AFO,2810,Trade Orders,2023-09-01,2,0.218905067,0.437810134
XA,Penteon-RUO,2010284S,AFO,2810,Trade Orders,2023-10-01,2,0.218905067,0.437810134
XA,Penteon-RUO,2010284S,AFO,2810,Trade Orders,2023-11-01,3,0.218905067,0.656715201
XA,Penteon-RUO,2010284S,AFO,2810,Trade Orders,2024-01-01,2,0.218905067,0.437810134
XA,Penteon-RUO,2010284S,AFO,2810,Trade Orders,2024-02-01,1,0.218905067,0.218905067
XA,Penteon-RUO,2010284S,AFO,2810,Trade Orders,2024-03-01,2,0.218905067,0.437810134
XA,Penteon-RUO,2010284S,AFO,2810,Trade Orders,2024-05-01,1,0.218905067,0.218905067
XA,Penteon-RUO,2010284S,AFO,2810,Trade Orders,2024-06-01,4,0.218905067,0.875620268
XA,Penteon-RUO,2010284S,AFO,2810,Trade Orders,2024-08-01,1,0.218905067,0.218905067
XA,Penteon-RUO,2010284S,AFO,2810,Trade Orders,2024-09-01,3,0.218905067,0.656715201
XA,Penteon-RUO,2010284S,AFO,2810,Trade Orders,2024-10-01,2,0.218905067,0.437810134
XA,Penteon-RUO,2010284S,AFO,2810,Trade Orders,2024-11-01,1,0.218905067,0.218905067
XA,Penteon-RUO,2010284S,AFO,2810,Trade Orders,2025-02-01,1,0.218905067,0.218905067
XA,Penteon-RUO,2010284S,AFO,2810,Trade Orders,2025-03-01,6,0.218905067,1.313430403
XA,Penteon-RUO,2010284S,AFO,2810,Trade Orders,2025-04-01,1,0.218905067,0.218905067
XA,Penteon-RUO,2010284S,AFO,2810,Trade Orders,2025-05-01,1,0.218905067,0.218905067
XA,Penteon-RUO,2010284S,AFO,2810,Trade Orders,2025-06-01,3,0.218905067,0.656715201
XA,Penteon-RUO,2010284S,AFO,2810,Trade Orders,2025-08-01,2,0.218905067,0.437810134
XA,Penteon-RUO,2010284S,AFO,2810,Trade Orders,2025-09-01,2,0.218905067,0.437810134
XA,Penteon-RUO,2010284S,AFO,2810,Trade Orders,2025-11-01,2,0.218905067,0.437810134
XA,Penteon-RUO,2010284S,AFO,2810,Trade Orders,2025-12-01,1,0.218905067,0.218905067
XA,Penteon-RUO,2010284S,AFO,2810,Trade Orders,2026-02-01,1,0.218905067,0.218905067
XA,Penteon-RUO,2010284S,AFO,2810,Trade Orders,2026-04-01,1,0.218905067,0.218905067
XA,Penteon-RUO,2010284S,APAC,B410,Trade Orders,2025-12-01,1,0.210149347,0.210149347
XA,Penteon-RUO,2010284S,APAC,B410,Trade Orders,2026-02-01,1,0.210149347,0.210149347
XA,Penteon-RUO,2010284S,GCFO,SG10,Trade Orders,2023-02-01,1,0.232931553,0.232931553
XA,Penteon-RUO,2010284S,GCFO,SG10,Trade Orders,2023-07-01,1,0.232931553,0.232931553
XA,Penteon-RUO,2010284S,GCFO,SG10,Trade Orders,2025-01-01,1,0.232931553,0.232931553
XA,Quanteon-CE IVD,2010257CE,EMEA,B410,Trade Orders,2022-08-01,2,0.0,0.0
XA,Quanteon-CE IVD,2010259CE,EMEA,B410,ZGIO,2023-09-01,2,0.0,0.0
XA,Quanteon-CE IVD,2010259CE,EMEA,B410,Trade Orders,2020-12-01,4,0.0,0.0
XA,Quanteon-IVD,K2601-64000,GCFO,R805,ZC1,2024-08-01,2,0.130590763,
XA,Quanteon-IVD,K2601-64000,GCFO,R805,Trade Orders,2022-10-01,1,0.130590763,0.130590763
XA,Quanteon-IVD,K2601-64000,GCFO,R805,Trade Orders,2022-11-01,1,0.130590763,0.130590763
XA,Quanteon-IVD,K2601-64000,GCFO,R805,Trade Orders,2024-01-01,1,0.130590763,0.130590763
XA,Quanteon-IVD,K2601-64000,GCFO,R805,Trade Orders,2024-09-01,1,0.130590763,0.130590763
XA,Quanteon-IVD,K2601-64000,GCFO,R805,Trade Orders,2025-11-01,1,0.130590763,0.130590763
XA,Quanteon-IVD,K2601-64001,GCFO,R805,Trade Orders,2025-04-01,2,0.130590763,0.261181526
XA,Quanteon-IVD,K2601-64001,GCFO,R805,Trade Orders,2025-08-01,1,0.130590763,0.130590763
XA,Quanteon-IVD,K2601-64001,GCFO,R805,Trade Orders,2026-04-01,1,0.130590763,0.130590763
XA,Quanteon-IVD,K2601-64002,GCFO,R805,Trade Orders,2023-12-01,1,0.130590763,0.130590763
XA,Quanteon-IVD,K2601-64002,GCFO,R805,Trade Orders,2024-02-01,1,0.130590763,0.130590763
XA,Quanteon-OEM,S2826-64000,AFO,2810,Trade Orders,2025-03-01,4,0.125916031,0.503664125
XA,Quanteon-OEM,S2826-64000,AFO,2810,Trade Orders,2025-04-01,4,0.125916031,0.503664125
XA,Quanteon-OEM,S2826-64000S,AFO,2810,Trade Orders,2025-06-01,4,0.125916031,0.503664125
XA,Quanteon-OEM,S2826-64000S,AFO,2810,Trade Orders,2025-08-01,12,0.125916031,1.510992375
XA,Quanteon-OEM,S2826-64000S,AFO,2810,Trade Orders,2025-09-01,4,0.125916031,0.503664125
XA,Quanteon-OEM,S2826-64000S,AFO,2810,Trade Orders,2025-10-01,8,0.125916031,1.00732825
XA,Quanteon-OEM,S2826-64000S,AFO,2810,Trade Orders,2025-11-01,4,0.125916031,0.503664125
XA,Quanteon-OEM,S2826-64000S,AFO,2810,Trade Orders,2026-01-01,4,0.125916031,0.503664125
XA,Quanteon-OEM,S2826-64000S,AFO,2810,Trade Orders,2026-02-01,4,0.125916031,0.503664125
XA,Quanteon-OEM,S2826-64000S,AFO,2810,Trade Orders,2026-03-01,4,0.125916031,0.503664125
XA,Quanteon-OEM,S2826-64000S,AFO,2810,Trade Orders,2026-04-01,4,0.125916031,0.503664125
XA,Quanteon-OEM,S2826-64000S,AFO,2810,Trade Orders,2026-05-01,4,0.125916031,0.503664125
XA,Quanteon-OEM,S2826-64000S,AFO,2810,Trade Orders,2026-06-01,4,0.125916031,0.503664125
XA,Quanteon-RUO,2010112,APAC,SG10,Trade Orders,2023-01-01,1,0.124746476,0.124746476
XA,Quanteon-RUO,2010112,APAC,SG10,Trade Orders,2023-10-01,1,0.124746476,0.124746476
XA,Quanteon-RUO,2010112,APAC,SG10,Trade Orders,2024-10-01,1,0.124746476,0.124746476
XA,Quanteon-RUO,2010112,EMEA,B410,Trade Orders,2020-11-01,2,0.144354497,0.288708994
XA,Quanteon-RUO,2010112,EMEA,B410,Trade Orders,2021-08-01,2,0.144354497,0.288708994
XA,Quanteon-RUO,2010112,EMEA,B410,Trade Orders,2021-12-01,1,0.144354497,0.144354497
XA,Quanteon-RUO,2010112,EMEA,B410,Trade Orders,2022-06-01,1,0.144354497,0.144354497
XA,Quanteon-RUO,2010112,EMEA,B410,Trade Orders,2022-08-01,1,0.144354497,0.144354497
XA,Quanteon-RUO,2010112,EMEA,B410,Trade Orders,2023-07-01,1,0.144354497,0.144354497
XA,Quanteon-RUO,2010112,EMEA,B410,Trade Orders,2023-08-01,1,0.144354497,0.144354497
XA,Quanteon-RUO,2010112,EMEA,B410,Trade Orders,2024-01-01,1,0.144354497,0.144354497
XA,Quanteon-RUO,2010112,EMEA,B410,Trade Orders,2024-02-01,1,0.144354497,0.144354497
XA,Quanteon-RUO,2010112,EMEA,B410,Trade Orders,2024-07-01,1,0.144354497,0.144354497
XA,Quanteon-RUO,2010112,EMEA,B410,Trade Orders,2024-10-01,1,0.144354497,0.144354497
XA,Quanteon-RUO,2010112,EMEA,B410,Trade Orders,2024-12-01,1,0.144354497,0.144354497
XA,Quanteon-RUO,2010112,EMEA,B410,Trade Orders,2025-01-01,1,0.144354497,0.144354497
XA,Quanteon-RUO,2010112,GCFO,R811,Trade Orders,2020-11-01,1,0.111334376,0.111334376
XA,Quanteon-RUO,2010112,GCFO,R811,Trade Orders,2021-02-01,1,0.111334376,0.111334376
XA,Quanteon-RUO,2010112,GCFO,R811,Trade Orders,2021-11-01,1,0.111334376,0.111334376
XA,Quanteon-RUO,2010112,GCFO,R811,Trade Orders,2022-05-01,1,0.111334376,0.111334376
XA,Quanteon-RUO,2010112,GCFO,R811,Trade Orders,2022-12-01,1,0.111334376,0.111334376
XA,Quanteon-RUO,2010112,GCFO,R811,Trade Orders,2023-01-01,1,0.111334376,0.111334376
XA,Quanteon-RUO,2010112,GCFO,R811,Trade Orders,2023-02-01,1,0.111334376,0.111334376
XA,Quanteon-RUO,2010112,GCFO,R811,Trade Orders,2023-08-01,1,0.111334376,0.111334376
XA,Quanteon-RUO,2010112,GCFO,R811,Trade Orders,2023-09-01,1,0.111334376,0.111334376
XA,Quanteon-RUO,2010112,GCFO,R811,Trade Orders,2025-06-01,1,0.111334376,0.111334376
XA,Quanteon-RUO,2010112S,AFO,2810,Trade Orders,2021-05-01,1,0.160942724,0.160942724
XA,Quanteon-RUO,2010112S,AFO,2810,Trade Orders,2021-06-01,1,0.160942724,0.160942724
XA,Quanteon-RUO,2010112S,AFO,2810,Trade Orders,2021-09-01,1,0.160942724,0.160942724
XA,Quanteon-RUO,2010112S,AFO,2810,Trade Orders,2022-06-01,1,0.160942724,0.160942724
XA,Quanteon-RUO,2010112S,AFO,2810,Trade Orders,2022-11-01,1,0.160942724,0.160942724
XA,Quanteon-RUO,2010112S,AFO,2810,Trade Orders,2023-03-01,1,0.160942724,0.160942724
XA,Quanteon-RUO,2010112S,AFO,2810,Trade Orders,2023-11-01,1,0.160942724,0.160942724
XA,Quanteon-RUO,2010112S,AFO,2810,Trade Orders,2024-02-01,1,0.160942724,0.160942724
XA,Quanteon-RUO,2010112S,APAC,B410,Trade Orders,2025-11-01,1,0.124746476,0.124746476
XA,Quanteon-RUO,2010112S,APAC,B410,Trade Orders,2026-01-01,1,0.124746476,0.124746476
XA,Quanteon-RUO,2010112S,APAC,SG10,Trade Orders,2026-03-01,2,0.124746476,0.249492952
XA,Quanteon-RUO,2010112S,GCFO,R811,ZGIO,2021-08-01,1,0.111334376,
XA,Quanteon-RUO,2010112S,GCFO,SG10,ZSD1,2022-12-01,1,0.111334376,
XA,Quanteon-RUO,2010112S,GCFO,SG10,Trade Orders,2022-02-01,2,0.111334376,0.222668753
XA,Quanteon-RUO,2010112S,GCFO,SG10,Trade Orders,2022-07-01,1,0.111334376,0.111334376
XA,Quanteon-RUO,2010112S,GCFO,SG10,Trade Orders,2023-04-01,1,0.111334376,0.111334376
XA,Quanteon-RUO,2010112S,GCFO,SG10,Trade Orders,2023-08-01,1,0.111334376,0.111334376
XA,Quanteon-RUO,2010112S,GCFO,SG10,Trade Orders,2023-09-01,1,0.111334376,0.111334376
XA,Quanteon-RUO,2010113,APAC,SG10,Trade Orders,2022-03-01,1,0.124746476,0.124746476
XA,Quanteon-RUO,2010113,APAC,SG10,Trade Orders,2025-06-01,1,0.124746476,0.124746476
XA,Quanteon-RUO,2010113,EMEA,B410,Trade Orders,2020-12-01,1,0.144354497,0.144354497
XA,Quanteon-RUO,2010113,EMEA,B410,Trade Orders,2022-11-01,1,0.144354497,0.144354497
XA,Quanteon-RUO,2010113,EMEA,B410,Trade Orders,2022-12-01,1,0.144354497,0.144354497
XA,Quanteon-RUO,2010113,EMEA,B410,Trade Orders,2023-04-01,1,0.144354497,0.144354497
XA,Quanteon-RUO,2010113,EMEA,B410,Trade Orders,2024-05-01,1,0.144354497,0.144354497
XA,Quanteon-RUO,2010113,EMEA,B410,Trade Orders,2025-04-01,1,0.144354497,0.144354497
XA,Quanteon-RUO,2010113,GCFO,R811,ZC1,2022-04-01,1,0.111334376,
XA,Quanteon-RUO,2010113,GCFO,R811,Trade Orders,2021-01-01,1,0.111334376,0.111334376
XA,Quanteon-RUO,2010113,GCFO,R811,Trade Orders,2021-11-01,2,0.111334376,0.222668753
XA,Quanteon-RUO,2010113,GCFO,R811,Trade Orders,2022-09-01,1,0.111334376,0.111334376
XA,Quanteon-RUO,2010113,GCFO,R811,Trade Orders,2024-01-01,1,0.111334376,0.111334376
XA,Quanteon-RUO,2010113,GCFO,R811,Trade Orders,2024-02-01,1,0.111334376,0.111334376
XA,Quanteon-RUO,2010113,GCFO,R811,Trade Orders,2024-04-01,1,0.111334376,0.111334376
XA,Quanteon-RUO,2010113,GCFO,R811,Trade Orders,2024-09-01,2,0.111334376,0.222668753
XA,Quanteon-RUO,2010113,GCFO,R811,Trade Orders,2024-10-01,1,0.111334376,0.111334376
XA,Quanteon-RUO,2010113,GCFO,R811,Trade Orders,2024-11-01,1,0.111334376,0.111334376
XA,Quanteon-RUO,2010113,GCFO,R811,Trade Orders,2025-01-01,1,0.111334376,0.111334376
XA,Quanteon-RUO,2010113,GCFO,R811,Trade Orders,2025-05-01,1,0.111334376,0.111334376
XA,Quanteon-RUO,2010113,GCFO,R811,Trade Orders,2025-07-01,1,0.111334376,0.111334376
XA,Quanteon-RUO,2010113,GCFO,R811,Trade Orders,2025-09-01,1,0.111334376,0.111334376
XA,Quanteon-RUO,2010113,GCFO,R811,Trade Orders,2025-10-01,2,0.111334376,0.222668753
XA,Quanteon-RUO,2010113,GCFO,R811,Trade Orders,2025-11-01,1,0.111334376,0.111334376
XA,Quanteon-RUO,2010113,GCFO,R811,Trade Orders,2025-12-01,2,0.111334376,0.222668753
XA,Quanteon-RUO,2010113,GCFO,R811,Trade Orders,2026-01-01,2,0.111334376,0.222668753
XA,Quanteon-RUO,2010113,GCFO,R811,Trade Orders,2026-02-01,2,0.111334376,0.222668753
XA,Quanteon-RUO,2010113,GCFO,R811,Trade Orders,2026-03-01,4,0.111334376,0.445337506
XA,Quanteon-RUO,2010113,GCFO,R811,Trade Orders,2026-04-01,3,0.111334376,0.334003129
XA,Quanteon-RUO,2010113,GCFO,R811,Trade Orders,2026-05-01,2,0.111334376,0.222668753
XA,Quanteon-RUO,2010113,GCFO,SG10,Trade Orders,2023-02-01,1,0.111334376,0.111334376
XA,Quanteon-RUO,2010113S,AFO,2810,Trade Orders,2021-08-01,1,0.160942724,0.160942724
XA,Quanteon-RUO,2010113S,AFO,2810,Trade Orders,2021-11-01,1,0.160942724,0.160942724
XA,Quanteon-RUO,2010113S,AFO,2810,Trade Orders,2021-12-01,1,0.160942724,0.160942724
XA,Quanteon-RUO,2010113S,AFO,2810,Trade Orders,2022-09-01,1,0.160942724,0.160942724
XA,Quanteon-RUO,2010113S,AFO,2810,Trade Orders,2024-05-01,1,0.160942724,0.160942724
XA,Quanteon-RUO,2010113S,GCFO,SG10,Trade Orders,2021-10-01,1,0.111334376,0.111334376
XA,Quanteon-RUO,2010113S,GCFO,SG10,Trade Orders,2024-04-01,1,0.111334376,0.111334376
XA,Quanteon-RUO,2010113S,GCFO,SG10,Trade Orders,2024-05-01,1,0.111334376,0.111334376
XA,Quanteon-RUO,2010113S,GCFO,SG10,Trade Orders,2024-08-01,1,0.111334376,0.111334376
XA,Quanteon-RUO,2010113S,GCFO,SG10,Trade Orders,2024-12-01,1,0.111334376,0.111334376
XA,Quanteon-RUO,2010113S,GCFO,SG10,Trade Orders,2025-02-01,2,0.111334376,0.222668753
XA,Quanteon-RUO,2010113S,GCFO,SG10,Trade Orders,2025-03-01,1,0.111334376,0.111334376
XA,Quanteon-RUO,2010113S,GCFO,SG10,Trade Orders,2025-04-01,1,0.111334376,0.111334376
XA,Quanteon-RUO,2010113S,GCFO,SG10,Trade Orders,2025-05-01,2,0.111334376,0.222668753
XA,Quanteon-RUO,2010113S,GCFO,SG10,Trade Orders,2025-06-01,1,0.111334376,0.111334376
XA,Quanteon-RUO,2010113S,GCFO,SG10,Trade Orders,2025-07-01,1,0.111334376,0.111334376
XA,Quanteon-RUO,2010113S,GCFO,SG10,Trade Orders,2026-01-01,1,0.111334376,0.111334376
XA,Quanteon-RUO,2010113S,GCFO,SG10,Trade Orders,2026-05-01,1,0.111334376,0.111334376
XA,Quanteon-RUO,2010114,AFO,2810,Trade Orders,2020-09-01,1,0.160942724,0.160942724
XA,Quanteon-RUO,2010114,AFO,2810,Trade Orders,2020-10-01,3,0.160942724,0.482828171
XA,Quanteon-RUO,2010114,AFO,2810,Trade Orders,2020-11-01,1,0.160942724,0.160942724
XA,Quanteon-RUO,2010114,AFO,2810,Trade Orders,2020-12-01,3,0.160942724,0.482828171
XA,Quanteon-RUO,2010114,AFO,2810,Trade Orders,2021-01-01,2,0.160942724,0.321885447
XA,Quanteon-RUO,2010114,AFO,2810,Trade Orders,2021-02-01,1,0.160942724,0.160942724
XA,Quanteon-RUO,2010114,AFO,2810,Trade Orders,2022-04-01,4,0.160942724,0.643770895
XA,Quanteon-RUO,2010114,AFO,2810,Trade Orders,2022-05-01,3,0.160942724,0.482828171
XA,Quanteon-RUO,2010114,APAC,AY10,ZSD1,2022-12-01,1,0.124746476,
XA,Quanteon-RUO,2010114,APAC,AY10,Trade Orders,2021-03-01,1,0.124746476,0.124746476
XA,Quanteon-RUO,2010114,APAC,AY10,Trade Orders,2021-12-01,1,0.124746476,0.124746476
XA,Quanteon-RUO,2010114,APAC,AY10,Trade Orders,2022-09-01,1,0.124746476,0.124746476
XA,Quanteon-RUO,2010114,APAC,AY10,Trade Orders,2022-11-01,1,0.124746476,0.124746476
XA,Quanteon-RUO,2010114,APAC,AY10,Trade Orders,2023-01-01,1,0.124746476,0.124746476
XA,Quanteon-RUO,2010114,APAC,AY10,Trade Orders,2025-12-01,1,0.124746476,0.124746476
XA,Quanteon-RUO,2010114,APAC,B410,Trade Orders,2021-04-01,1,0.124746476,0.124746476
XA,Quanteon-RUO,2010114,APAC,B410,Trade Orders,2022-12-01,1,0.124746476,0.124746476
XA,Quanteon-RUO,2010114,APAC,SG10,ZGIO,2023-01-01,1,0.124746476,
XA,Quanteon-RUO,2010114,APAC,SG10,Trade Orders,2022-03-01,1,0.124746476,0.124746476
XA,Quanteon-RUO,2010114,APAC,SG10,Trade Orders,2022-10-01,1,0.124746476,0.124746476
XA,Quanteon-RUO,2010114,APAC,SG10,Trade Orders,2023-06-01,1,0.124746476,0.124746476
XA,Quanteon-RUO,2010114,APAC,SG10,Trade Orders,2023-07-01,1,0.124746476,0.124746476
XA,Quanteon-RUO,2010114,EMEA,2810,ZC1,2021-05-01,1,0.144354497,
XA,Quanteon-RUO,2010114,EMEA,B410,ZC1,2022-09-01,1,0.144354497,
XA,Quanteon-RUO,2010114,EMEA,B410,ZC1,2022-10-01,1,0.144354497,
XA,Quanteon-RUO,2010114,EMEA,B410,ZC1,2024-04-01,1,0.144354497,
XA,Quanteon-RUO,2010114,EMEA,B410,ZC1,2025-11-01,1,0.144354497,
XA,Quanteon-RUO,2010114,EMEA,B410,ZC1,2026-01-01,1,0.144354497,
XA,Quanteon-RUO,2010114,EMEA,B410,ZGIO,2022-10-01,1,0.144354497,
XA,Quanteon-RUO,2010114,EMEA,B410,ZSD1,2022-04-01,1,0.144354497,
XA,Quanteon-RUO,2010114,EMEA,B410,ZSD1,2024-05-01,1,0.144354497,
XA,Quanteon-RUO,2010114,EMEA,B410,ZSD1,2025-02-01,1,0.144354497,
XA,Quanteon-RUO,2010114,EMEA,B410,Trade Orders,2020-09-01,1,0.144354497,0.144354497
XA,Quanteon-RUO,2010114,EMEA,B410,Trade Orders,2020-10-01,4,0.144354497,0.577417987
XA,Quanteon-RUO,2010114,EMEA,B410,Trade Orders,2020-12-01,2,0.144354497,0.288708994
XA,Quanteon-RUO,2010114,EMEA,B410,Trade Orders,2021-02-01,3,0.144354497,0.43306349
XA,Quanteon-RUO,2010114,EMEA,B410,Trade Orders,2021-03-01,1,0.144354497,0.144354497
XA,Quanteon-RUO,2010114,EMEA,B410,Trade Orders,2021-05-01,3,0.144354497,0.43306349
XA,Quanteon-RUO,2010114,EMEA,B410,Trade Orders,2021-06-01,1,0.144354497,0.144354497
XA,Quanteon-RUO,2010114,EMEA,B410,Trade Orders,2021-07-01,2,0.144354497,0.288708994
XA,Quanteon-RUO,2010114,EMEA,B410,Trade Orders,2021-10-01,1,0.144354497,0.144354497
XA,Quanteon-RUO,2010114,EMEA,B410,Trade Orders,2021-11-01,3,0.144354497,0.43306349
XA,Quanteon-RUO,2010114,EMEA,B410,Trade Orders,2022-01-01,1,0.144354497,0.144354497
XA,Quanteon-RUO,2010114,EMEA,B410,Trade Orders,2022-02-01,1,0.144354497,0.144354497
XA,Quanteon-RUO,2010114,EMEA,B410,Trade Orders,2022-03-01,1,0.144354497,0.144354497
XA,Quanteon-RUO,2010114,EMEA,B410,Trade Orders,2022-05-01,1,0.144354497,0.144354497
XA,Quanteon-RUO,2010114,EMEA,B410,Trade Orders,2022-06-01,1,0.144354497,0.144354497
XA,Quanteon-RUO,2010114,EMEA,B410,Trade Orders,2022-07-01,1,0.144354497,0.144354497
XA,Quanteon-RUO,2010114,EMEA,B410,Trade Orders,2022-09-01,2,0.144354497,0.288708994
XA,Quanteon-RUO,2010114,EMEA,B410,Trade Orders,2022-11-01,1,0.144354497,0.144354497
XA,Quanteon-RUO,2010114,EMEA,B410,Trade Orders,2022-12-01,3,0.144354497,0.43306349
XA,Quanteon-RUO,2010114,EMEA,B410,Trade Orders,2023-01-01,1,0.144354497,0.144354497
XA,Quanteon-RUO,2010114,EMEA,B410,Trade Orders,2023-02-01,2,0.144354497,0.288708994
XA,Quanteon-RUO,2010114,EMEA,B410,Trade Orders,2023-06-01,1,0.144354497,0.144354497
XA,Quanteon-RUO,2010114,EMEA,B410,Trade Orders,2023-10-01,1,0.144354497,0.144354497
XA,Quanteon-RUO,2010114,EMEA,B410,Trade Orders,2023-11-01,3,0.144354497,0.43306349
XA,Quanteon-RUO,2010114,EMEA,B410,Trade Orders,2024-04-01,1,0.144354497,0.144354497
XA,Quanteon-RUO,2010114,EMEA,B410,Trade Orders,2024-06-01,2,0.144354497,0.288708994
XA,Quanteon-RUO,2010114,EMEA,B410,Trade Orders,2024-10-01,1,0.144354497,0.144354497
XA,Quanteon-RUO,2010114,EMEA,B410,Trade Orders,2024-12-01,1,0.144354497,0.144354497
XA,Quanteon-RUO,2010114,EMEA,B410,Trade Orders,2025-03-01,2,0.144354497,0.288708994
XA,Quanteon-RUO,2010114,EMEA,B410,Trade Orders,2025-06-01,1,0.144354497,0.144354497
XA,Quanteon-RUO,2010114,EMEA,B410,Trade Orders,2025-07-01,1,0.144354497,0.144354497
XA,Quanteon-RUO,2010114,EMEA,B410,Trade Orders,2025-11-01,2,0.144354497,0.288708994
XA,Quanteon-RUO,2010114,EMEA,B410,Trade Orders,2025-12-01,1,0.144354497,0.144354497
XA,Quanteon-RUO,2010114,EMEA,B410,Trade Orders,2026-01-01,1,0.144354497,0.144354497
XA,Quanteon-RUO,2010114,EMEA,B410,Trade Orders,2026-02-01,1,0.144354497,0.144354497
XA,Quanteon-RUO,2010114,EMEA,B410,Trade Orders,2026-04-01,2,0.144354497,0.288708994
XA,Quanteon-RUO,2010114,GCFO,R805,ZGIO,2022-08-01,1,0.111334376,
XA,Quanteon-RUO,2010114,GCFO,R811,ZGIO,2022-07-01,1,0.111334376,
XA,Quanteon-RUO,2010114,GCFO,R811,Trade Orders,2021-10-01,1,0.111334376,0.111334376
XA,Quanteon-RUO,2010114,GCFO,R811,Trade Orders,2022-02-01,2,0.111334376,0.222668753
XA,Quanteon-RUO,2010114,GCFO,R811,Trade Orders,2022-06-01,2,0.111334376,0.222668753
XA,Quanteon-RUO,2010114,GCFO,R811,Trade Orders,2023-03-01,1,0.111334376,0.111334376
XA,Quanteon-RUO,2010114,GCFO,R811,Trade Orders,2023-06-01,1,0.111334376,0.111334376
XA,Quanteon-RUO,2010114,GCFO,R811,Trade Orders,2024-12-01,1,0.111334376,0.111334376
XA,Quanteon-RUO,2010114S,AFO,2810,ZC1,2021-08-01,1,0.160942724,
XA,Quanteon-RUO,2010114S,AFO,2810,ZC1,2021-09-01,1,0.160942724,
XA,Quanteon-RUO,2010114S,AFO,2810,ZC1,2021-11-01,2,0.160942724,
XA,Quanteon-RUO,2010114S,AFO,2810,ZC1,2022-06-01,1,0.160942724,
XA,Quanteon-RUO,2010114S,AFO,2810,ZC1,2022-11-01,1,0.160942724,
XA,Quanteon-RUO,2010114S,AFO,2810,ZC1,2023-02-01,2,0.160942724,
XA,Quanteon-RUO,2010114S,AFO,2810,ZC1,2023-03-01,1,0.160942724,
XA,Quanteon-RUO,2010114S,AFO,2810,ZC1,2023-04-01,4,0.160942724,
XA,Quanteon-RUO,2010114S,AFO,2810,ZC1,2023-08-01,1,0.160942724,
XA,Quanteon-RUO,2010114S,AFO,2810,ZC1,2023-09-01,1,0.160942724,
XA,Quanteon-RUO,2010114S,AFO,2810,ZC1,2023-10-01,2,0.160942724,
XA,Quanteon-RUO,2010114S,AFO,2810,ZC1,2023-11-01,1,0.160942724,
XA,Quanteon-RUO,2010114S,AFO,2810,ZC1,2024-02-01,1,0.160942724,
XA,Quanteon-RUO,2010114S,AFO,2810,ZC1,2024-11-01,1,0.160942724,
XA,Quanteon-RUO,2010114S,AFO,2810,ZC1,2025-09-01,3,0.160942724,
XA,Quanteon-RUO,2010114S,AFO,2810,ZGIO,2025-01-01,1,0.160942724,
XA,Quanteon-RUO,2010114S,AFO,2810,ZSD1,2021-05-01,1,0.160942724,
XA,Quanteon-RUO,2010114S,AFO,2810,ZSD1,2022-10-01,1,0.160942724,
XA,Quanteon-RUO,2010114S,AFO,2810,ZSD1,2023-05-01,1,0.160942724,
XA,Quanteon-RUO,2010114S,AFO,2810,ZSD2,2022-09-01,1,0.160942724,
XA,Quanteon-RUO,2010114S,AFO,2810,ZSD2,2024-11-01,1,0.160942724,
XA,Quanteon-RUO,2010114S,AFO,2810,ZSD2,2025-05-01,1,0.160942724,
XA,Quanteon-RUO,2010114S,AFO,2810,Trade Orders,2021-02-01,2,0.160942724,0.321885447
XA,Quanteon-RUO,2010114S,AFO,2810,Trade Orders,2021-03-01,1,0.160942724,0.160942724
XA,Quanteon-RUO,2010114S,AFO,2810,Trade Orders,2021-04-01,3,0.160942724,0.482828171
XA,Quanteon-RUO,2010114S,AFO,2810,Trade Orders,2021-05-01,1,0.160942724,0.160942724
XA,Quanteon-RUO,2010114S,AFO,2810,Trade Orders,2021-07-01,1,0.160942724,0.160942724
XA,Quanteon-RUO,2010114S,AFO,2810,Trade Orders,2021-08-01,3,0.160942724,0.482828171
XA,Quanteon-RUO,2010114S,AFO,2810,Trade Orders,2021-10-01,3,0.160942724,0.482828171
XA,Quanteon-RUO,2010114S,AFO,2810,Trade Orders,2021-11-01,4,0.160942724,0.643770895
XA,Quanteon-RUO,2010114S,AFO,2810,Trade Orders,2021-12-01,2,0.160942724,0.321885447
XA,Quanteon-RUO,2010114S,AFO,2810,Trade Orders,2022-01-01,2,0.160942724,0.321885447
XA,Quanteon-RUO,2010114S,AFO,2810,Trade Orders,2022-02-01,2,0.160942724,0.321885447
XA,Quanteon-RUO,2010114S,AFO,2810,Trade Orders,2022-03-01,2,0.160942724,0.321885447
XA,Quanteon-RUO,2010114S,AFO,2810,Trade Orders,2022-04-01,2,0.160942724,0.321885447
XA,Quanteon-RUO,2010114S,AFO,2810,Trade Orders,2022-05-01,1,0.160942724,0.160942724
XA,Quanteon-RUO,2010114S,AFO,2810,Trade Orders,2022-06-01,4,0.160942724,0.643770895
XA,Quanteon-RUO,2010114S,AFO,2810,Trade Orders,2022-07-01,2,0.160942724,0.321885447
XA,Quanteon-RUO,2010114S,AFO,2810,Trade Orders,2022-08-01,1,0.160942724,0.160942724
XA,Quanteon-RUO,2010114S,AFO,2810,Trade Orders,2022-09-01,2,0.160942724,0.321885447
XA,Quanteon-RUO,2010114S,AFO,2810,Trade Orders,2022-10-01,2,0.160942724,0.321885447
XA,Quanteon-RUO,2010114S,AFO,2810,Trade Orders,2022-11-01,3,0.160942724,0.482828171
XA,Quanteon-RUO,2010114S,AFO,2810,Trade Orders,2022-12-01,1,0.160942724,0.160942724
XA,Quanteon-RUO,2010114S,AFO,2810,Trade Orders,2023-01-01,5,0.160942724,0.804713618
XA,Quanteon-RUO,2010114S,AFO,2810,Trade Orders,2023-02-01,1,0.160942724,0.160942724
XA,Quanteon-RUO,2010114S,AFO,2810,Trade Orders,2023-03-01,5,0.160942724,0.804713618
XA,Quanteon-RUO,2010114S,AFO,2810,Trade Orders,2023-04-01,7,0.160942724,1.126599066
XA,Quanteon-RUO,2010114S,AFO,2810,Trade Orders,2023-05-01,1,0.160942724,0.160942724
XA,Quanteon-RUO,2010114S,AFO,2810,Trade Orders,2023-06-01,2,0.160942724,0.321885447
XA,Quanteon-RUO,2010114S,AFO,2810,Trade Orders,2023-07-01,3,0.160942724,0.482828171
XA,Quanteon-RUO,2010114S,AFO,2810,Trade Orders,2023-09-01,4,0.160942724,0.643770895
XA,Quanteon-RUO,2010114S,AFO,2810,Trade Orders,2023-10-01,4,0.160942724,0.643770895
XA,Quanteon-RUO,2010114S,AFO,2810,Trade Orders,2023-11-01,5,0.160942724,0.804713618
XA,Quanteon-RUO,2010114S,AFO,2810,Trade Orders,2023-12-01,2,0.160942724,0.321885447
XA,Quanteon-RUO,2010114S,AFO,2810,Trade Orders,2024-01-01,2,0.160942724,0.321885447
XA,Quanteon-RUO,2010114S,AFO,2810,Trade Orders,2024-02-01,1,0.160942724,0.160942724
XA,Quanteon-RUO,2010114S,AFO,2810,Trade Orders,2024-04-01,4,0.160942724,0.643770895
XA,Quanteon-RUO,2010114S,AFO,2810,Trade Orders,2024-06-01,4,0.160942724,0.643770895
XA,Quanteon-RUO,2010114S,AFO,2810,Trade Orders,2024-07-01,3,0.160942724,0.482828171
XA,Quanteon-RUO,2010114S,AFO,2810,Trade Orders,2024-08-01,1,0.160942724,0.160942724
XA,Quanteon-RUO,2010114S,AFO,2810,Trade Orders,2024-10-01,2,0.160942724,0.321885447
XA,Quanteon-RUO,2010114S,AFO,2810,Trade Orders,2024-11-01,1,0.160942724,0.160942724
XA,Quanteon-RUO,2010114S,AFO,2810,Trade Orders,2024-12-01,1,0.160942724,0.160942724
XA,Quanteon-RUO,2010114S,AFO,2810,Trade Orders,2025-02-01,1,0.160942724,0.160942724
XA,Quanteon-RUO,2010114S,AFO,2810,Trade Orders,2025-03-01,1,0.160942724,0.160942724
XA,Quanteon-RUO,2010114S,AFO,2810,Trade Orders,2025-04-01,2,0.160942724,0.321885447
XA,Quanteon-RUO,2010114S,AFO,2810,Trade Orders,2025-05-01,4,0.160942724,0.643770895
XA,Quanteon-RUO,2010114S,AFO,2810,Trade Orders,2025-06-01,1,0.160942724,0.160942724
XA,Quanteon-RUO,2010114S,AFO,2810,Trade Orders,2025-07-01,3,0.160942724,0.482828171
XA,Quanteon-RUO,2010114S,AFO,2810,Trade Orders,2025-08-01,3,0.160942724,0.482828171
XA,Quanteon-RUO,2010114S,AFO,2810,Trade Orders,2025-09-01,2,0.160942724,0.321885447
XA,Quanteon-RUO,2010114S,AFO,2810,Trade Orders,2025-11-01,3,0.160942724,0.482828171
XA,Quanteon-RUO,2010114S,AFO,2810,Trade Orders,2025-12-01,2,0.160942724,0.321885447
XA,Quanteon-RUO,2010114S,AFO,2810,Trade Orders,2026-01-01,1,0.160942724,0.160942724
XA,Quanteon-RUO,2010114S,AFO,2810,Trade Orders,2026-04-01,1,0.160942724,0.160942724
XA,Quanteon-RUO,2010114S,AFO,SG10,Trade Orders,2025-10-01,1,0.160942724,0.160942724
XA,Quanteon-RUO,2010114S,GCFO,SG10,Trade Orders,2022-05-01,1,0.111334376,0.111334376
XA,Quanteon-RUO,2010114S,GCFO,SG10,Trade Orders,2022-06-01,1,0.111334376,0.111334376
XA,Quanteon-RUO,2010114S,GCFO,SG10,Trade Orders,2023-03-01,1,0.111334376,0.111334376
XA,Quanteon-RUO,2010114S,GCFO,SG10,Trade Orders,2024-05-01,1,0.111334376,0.111334376
XA,Quanteon-RUO,2010114S,GCFO,SG10,Trade Orders,2025-01-01,1,0.111334376,0.111334376
XA,S16,380601300,AFO,2810,ZC1,2022-12-01,1,0.011407489,
XA,S16,380601300,AFO,2810,ZC1,2024-02-01,1,0.011407489,
XA,S16,380601300,AFO,2810,ZC1,2025-03-01,2,0.011407489,
XA,S16,380601300,AFO,2810,ZC1,2025-06-01,1,0.011407489,
XA,S16,380601300,AFO,2810,Trade Orders,2020-09-01,1,0.011407489,0.011407489
XA,S16,380601300,AFO,2810,Trade Orders,2021-01-01,1,0.011407489,0.011407489
XA,S16,380601300,AFO,2810,Trade Orders,2021-03-01,1,0.011407489,0.011407489
XA,S16,380601300,AFO,2810,Trade Orders,2021-07-01,1,0.011407489,0.011407489
XA,S16,380601300,AFO,2810,Trade Orders,2021-10-01,1,0.011407489,0.011407489
XA,S16,380601300,AFO,2810,Trade Orders,2021-11-01,2,0.011407489,0.022814978
XA,S16,380601300,AFO,2810,Trade Orders,2022-08-01,1,0.011407489,0.011407489
XA,S16,380601300,AFO,2810,Trade Orders,2023-05-01,2,0.011407489,0.022814978
XA,S16,380601300,AFO,2810,Trade Orders,2023-06-01,3,0.011407489,0.034222468
XA,S16,380601300,AFO,2810,Trade Orders,2023-07-01,1,0.011407489,0.011407489
XA,S16,380601300,AFO,2810,Trade Orders,2023-08-01,1,0.011407489,0.011407489
XA,S16,380601300,AFO,2810,Trade Orders,2023-09-01,1,0.011407489,0.011407489
XA,S16,380601300,AFO,2810,Trade Orders,2024-04-01,2,0.011407489,0.022814978
XA,S16,380601300,AFO,2810,Trade Orders,2024-06-01,1,0.011407489,0.011407489
XA,S16,380601300,AFO,2810,Trade Orders,2024-10-01,1,0.011407489,0.011407489
XA,S16,380601300,AFO,2810,Trade Orders,2024-12-01,1,0.011407489,0.011407489
XA,S16,380601300,AFO,2810,Trade Orders,2025-01-01,1,0.011407489,0.011407489
XA,S16,380601300,AFO,2810,Trade Orders,2025-04-01,1,0.011407489,0.011407489
XA,S16,380601300,AFO,2810,Trade Orders,2025-11-01,1,0.011407489,0.011407489
XA,S16,380601300,AFO,2810,Trade Orders,2025-12-01,1,0.011407489,0.011407489
XA,S16,380601300,AFO,2810,Trade Orders,2026-02-01,1,0.011407489,0.011407489
XA,S16,380601300,APAC,AY10,Trade Orders,2020-09-01,1,0.010097154,0.010097154
XA,S16,380601300,APAC,AY10,Trade Orders,2021-02-01,1,0.010097154,0.010097154
XA,S16,380601300,APAC,AY10,Trade Orders,2021-09-01,1,0.010097154,0.010097154
XA,S16,380601300,APAC,AY10,Trade Orders,2021-12-01,1,0.010097154,0.010097154
XA,S16,380601300,APAC,AY10,Trade Orders,2022-01-01,1,0.010097154,0.010097154
XA,S16,380601300,APAC,AY10,Trade Orders,2022-02-01,2,0.010097154,0.020194308
XA,S16,380601300,APAC,AY10,Trade Orders,2022-07-01,4,0.010097154,0.040388615
XA,S16,380601300,APAC,AY10,Trade Orders,2022-10-01,1,0.010097154,0.010097154
XA,S16,380601300,APAC,AY10,Trade Orders,2023-01-01,3,0.010097154,0.030291462
XA,S16,380601300,APAC,AY10,Trade Orders,2023-06-01,1,0.010097154,0.010097154
XA,S16,380601300,APAC,AY10,Trade Orders,2023-11-01,1,0.010097154,0.010097154
XA,S16,380601300,APAC,AY10,Trade Orders,2024-02-01,1,0.010097154,0.010097154
XA,S16,380601300,APAC,AY10,Trade Orders,2024-12-01,1,0.010097154,0.010097154
XA,S16,380601300,APAC,AY10,Trade Orders,2025-01-01,2,0.010097154,0.020194308
XA,S16,380601300,APAC,AY10,Trade Orders,2025-02-01,1,0.010097154,0.010097154
XA,S16,380601300,APAC,AY10,Trade Orders,2025-11-01,1,0.010097154,0.010097154
XA,S16,380601300,APAC,AY10,Trade Orders,2026-01-01,1,0.010097154,0.010097154
XA,S16,380601300,APAC,AY10,Trade Orders,2026-02-01,1,0.010097154,0.010097154
XA,S16,380601300,APAC,AY10,Trade Orders,2026-03-01,1,0.010097154,0.010097154
XA,S16,380601300,APAC,AY10,Trade Orders,2026-04-01,1,0.010097154,0.010097154
XA,S16,380601300,APAC,B410,Trade Orders,2025-03-01,1,0.010097154,0.010097154
XA,S16,380601300,APAC,B410,Trade Orders,2026-02-01,1,0.010097154,0.010097154
XA,S16,380601300,APAC,SG10,Trade Orders,2021-12-01,1,0.010097154,0.010097154
XA,S16,380601300,APAC,SG10,Trade Orders,2022-09-01,1,0.010097154,0.010097154
XA,S16,380601300,APAC,SG10,Trade Orders,2023-01-01,1,0.010097154,0.010097154
XA,S16,380601300,APAC,SG10,Trade Orders,2025-05-01,1,0.010097154,0.010097154
XA,S16,380601300,APAC,SG10,Trade Orders,2026-01-01,1,0.010097154,0.010097154
XA,S16,380601300,EMEA,B410,ZSD1,2025-06-01,1,0.013272824,
XA,S16,380601300,EMEA,B410,Trade Orders,2020-09-01,3,0.013272824,0.039818472
XA,S16,380601300,EMEA,B410,Trade Orders,2020-11-01,1,0.013272824,0.013272824
XA,S16,380601300,EMEA,B410,Trade Orders,2021-03-01,1,0.013272824,0.013272824
XA,S16,380601300,EMEA,B410,Trade Orders,2021-04-01,1,0.013272824,0.013272824
XA,S16,380601300,EMEA,B410,Trade Orders,2021-08-01,2,0.013272824,0.026545648
XA,S16,380601300,EMEA,B410,Trade Orders,2021-09-01,2,0.013272824,0.026545648
XA,S16,380601300,EMEA,B410,Trade Orders,2021-10-01,1,0.013272824,0.013272824
XA,S16,380601300,EMEA,B410,Trade Orders,2021-11-01,1,0.013272824,0.013272824
XA,S16,380601300,EMEA,B410,Trade Orders,2021-12-01,3,0.013272824,0.039818472
XA,S16,380601300,EMEA,B410,Trade Orders,2022-02-01,1,0.013272824,0.013272824
XA,S16,380601300,EMEA,B410,Trade Orders,2022-03-01,1,0.013272824,0.013272824
XA,S16,380601300,EMEA,B410,Trade Orders,2022-04-01,3,0.013272824,0.039818472
XA,S16,380601300,EMEA,B410,Trade Orders,2022-05-01,1,0.013272824,0.013272824
XA,S16,380601300,EMEA,B410,Trade Orders,2022-10-01,1,0.013272824,0.013272824
XA,S16,380601300,EMEA,B410,Trade Orders,2022-12-01,1,0.013272824,0.013272824
XA,S16,380601300,EMEA,B410,Trade Orders,2023-03-01,1,0.013272824,0.013272824
XA,S16,380601300,EMEA,B410,Trade Orders,2023-06-01,1,0.013272824,0.013272824
XA,S16,380601300,EMEA,B410,Trade Orders,2023-07-01,3,0.013272824,0.039818472
XA,S16,380601300,EMEA,B410,Trade Orders,2023-10-01,1,0.013272824,0.013272824
XA,S16,380601300,EMEA,B410,Trade Orders,2023-12-01,1,0.013272824,0.013272824
XA,S16,380601300,EMEA,B410,Trade Orders,2024-01-01,2,0.013272824,0.026545648
XA,S16,380601300,EMEA,B410,Trade Orders,2024-03-01,2,0.013272824,0.026545648
XA,S16,380601300,EMEA,B410,Trade Orders,2024-05-01,1,0.013272824,0.013272824
XA,S16,380601300,EMEA,B410,Trade Orders,2024-08-01,1,0.013272824,0.013272824
XA,S16,380601300,EMEA,B410,Trade Orders,2024-11-01,2,0.013272824,0.026545648
XA,S16,380601300,EMEA,B410,Trade Orders,2024-12-01,1,0.013272824,0.013272824
XA,S16,380601300,EMEA,B410,Trade Orders,2025-05-01,2,0.013272824,0.026545648
XA,S16,380601300,EMEA,B410,Trade Orders,2025-06-01,1,0.013272824,0.013272824
XA,S16,380601300,EMEA,B410,Trade Orders,2025-07-01,1,0.013272824,0.013272824
XA,S16,380601300,EMEA,B410,Trade Orders,2025-10-01,1,0.013272824,0.013272824
XA,S16,380601300,GCFO,R811,Trade Orders,2020-11-01,6,0.007448788,0.044692729
XA,S16,380601300,GCFO,R811,Trade Orders,2020-12-01,2,0.007448788,0.014897576
XA,S16,380601300,GCFO,R811,Trade Orders,2021-01-01,30,0.007448788,0.223463646
XA,S16,380601300,GCFO,R811,Trade Orders,2021-02-01,8,0.007448788,0.059590306
XA,S16,380601300,GCFO,R811,Trade Orders,2021-05-01,2,0.007448788,0.014897576
XA,S16,380601300,GCFO,R811,Trade Orders,2021-10-01,2,0.007448788,0.014897576
XA,S16,380601300,GCFO,R811,Trade Orders,2021-12-01,1,0.007448788,0.007448788
XA,S16,380601300,GCFO,R811,Trade Orders,2022-01-01,1,0.007448788,0.007448788
XA,S16,380601300,GCFO,R811,Trade Orders,2022-09-01,2,0.007448788,0.014897576
XA,S16,380601300,GCFO,R811,Trade Orders,2022-10-01,1,0.007448788,0.007448788
XA,S16,380601300,GCFO,R811,Trade Orders,2022-11-01,1,0.007448788,0.007448788
XA,S16,380601300,GCFO,R811,Trade Orders,2023-02-01,2,0.007448788,0.014897576
XA,S16,380601300,GCFO,R811,Trade Orders,2023-03-01,1,0.007448788,0.007448788
XA,S16,380601300,GCFO,R811,Trade Orders,2023-05-01,1,0.007448788,0.007448788
XA,S16,380601300,GCFO,R811,Trade Orders,2023-08-01,6,0.007448788,0.044692729
XA,S16,380601300,GCFO,R811,Trade Orders,2023-10-01,1,0.007448788,0.007448788
XA,S16,380601300,GCFO,R811,Trade Orders,2023-11-01,1,0.007448788,0.007448788
XA,S16,380601300,GCFO,R811,Trade Orders,2023-12-01,2,0.007448788,0.014897576
XA,S16,380601300,GCFO,R811,Trade Orders,2024-01-01,6,0.007448788,0.044692729
XA,S16,380601300,GCFO,R811,Trade Orders,2024-02-01,2,0.007448788,0.014897576
XA,S16,380601300,GCFO,R811,Trade Orders,2024-04-01,1,0.007448788,0.007448788
XA,S16,380601300,GCFO,R811,Trade Orders,2024-07-01,3,0.007448788,0.022346365
XA,S16,380601300,GCFO,R811,Trade Orders,2024-09-01,1,0.007448788,0.007448788
XA,S16,380601300,GCFO,R811,Trade Orders,2024-10-01,6,0.007448788,0.044692729
XA,S16,380601300,GCFO,R811,Trade Orders,2025-01-01,4,0.007448788,0.029795153
XA,S16,380601300,GCFO,R811,Trade Orders,2025-02-01,1,0.007448788,0.007448788
XA,S16,380601300,GCFO,R811,Trade Orders,2025-09-01,1,0.007448788,0.007448788
XA,S16,380601300,GCFO,R811,Trade Orders,2025-11-01,3,0.007448788,0.022346365
XA,S16,380601300,GCFO,R811,Trade Orders,2026-04-01,1,0.007448788,0.007448788
XA,S16,380601300,GCFO,R811,Trade Orders,2026-05-01,1,0.007448788,0.007448788
XA,S16,380601300,GCFO,SG10,Trade Orders,2021-08-01,1,0.007448788,0.007448788
XA,S16,380601300,GCFO,SG10,Trade Orders,2024-09-01,1,0.007448788,0.007448788
XA,S16,380601300,GCFO,SG10,Trade Orders,2024-11-01,1,0.007448788,0.007448788
XA,S16,380601300,GCFO,SG10,Trade Orders,2025-01-01,1,0.007448788,0.007448788
XA,SP,380601510,AFO,2810,ZC1,2021-02-01,1,0.03057117,
XA,SP,380601510,AFO,2810,Trade Orders,2020-11-01,2,0.03057117,0.06114234
XA,SP,380601510,AFO,2810,Trade Orders,2020-12-01,3,0.03057117,0.09171351
XA,SP,380601510,AFO,2810,Trade Orders,2021-02-01,3,0.03057117,0.09171351
XA,SP,380601510,AFO,2810,Trade Orders,2022-06-01,1,0.03057117,0.03057117
XA,SP,380601510,APAC,AY10,Trade Orders,2021-03-01,1,0.02499375,0.02499375
XA,SP,380601510,APAC,AY10,Trade Orders,2021-10-01,1,0.02499375,0.02499375
XA,SP,380601510,APAC,AY10,Trade Orders,2022-08-01,2,0.02499375,0.0499875
XA,SP,380601510,APAC,AY10,Trade Orders,2023-01-01,2,0.02499375,0.0499875
XA,SP,380601510,APAC,AY10,Trade Orders,2023-07-01,1,0.02499375,0.02499375
XA,SP,380601510,APAC,AY10,Trade Orders,2023-08-01,1,0.02499375,0.02499375
XA,SP,380601510,APAC,AY10,Trade Orders,2023-09-01,1,0.02499375,0.02499375
XA,SP,380601510,APAC,AY10,Trade Orders,2023-12-01,1,0.02499375,0.02499375
XA,SP,380601510,APAC,AY10,Trade Orders,2025-11-01,1,0.02499375,0.02499375
XA,SP,380601510,APAC,AY10,Trade Orders,2026-02-01,1,0.02499375,0.02499375
XA,SP,380601510,APAC,B410,Trade Orders,2021-02-01,1,0.02499375,0.02499375
XA,SP,380601510,APAC,B410,Trade Orders,2025-02-01,1,0.02499375,0.02499375
XA,SP,380601510,APAC,SG10,Trade Orders,2021-07-01,1,0.02499375,0.02499375
XA,SP,380601510,APAC,SG10,Trade Orders,2021-11-01,2,0.02499375,0.0499875
XA,SP,380601510,APAC,SG10,Trade Orders,2022-01-01,1,0.02499375,0.02499375
XA,SP,380601510,APAC,SG10,Trade Orders,2022-05-01,2,0.02499375,0.0499875
XA,SP,380601510,APAC,SG10,Trade Orders,2022-07-01,1,0.02499375,0.02499375
XA,SP,380601510,APAC,SG10,Trade Orders,2022-10-01,1,0.02499375,0.02499375
XA,SP,380601510,APAC,SG10,Trade Orders,2023-05-01,1,0.02499375,0.02499375
XA,SP,380601510,APAC,SG10,Trade Orders,2023-06-01,1,0.02499375,0.02499375
XA,SP,380601510,APAC,SG10,Trade Orders,2023-10-01,1,0.02499375,0.02499375
XA,SP,380601510,APAC,SG10,Trade Orders,2024-03-01,1,0.02499375,0.02499375
XA,SP,380601510,APAC,SG10,Trade Orders,2024-05-01,1,0.02499375,0.02499375
XA,SP,380601510,APAC,SG10,Trade Orders,2024-10-01,1,0.02499375,0.02499375
XA,SP,380601510,APAC,SG10,Trade Orders,2024-11-01,1,0.02499375,0.02499375
XA,SP,380601510,APAC,SG10,Trade Orders,2025-06-01,1,0.02499375,0.02499375
XA,SP,380601510,APAC,SG10,Trade Orders,2025-10-01,1,0.02499375,0.02499375
XA,SP,380601510,APAC,SG10,Trade Orders,2026-03-01,1,0.02499375,0.02499375
XA,SP,380601510,EMEA,B410,ZC1,2022-10-01,1,0.026391959,
XA,SP,380601510,EMEA,B410,ZC1,2025-03-01,1,0.026391959,
XA,SP,380601510,EMEA,B410,Trade Orders,2020-09-01,1,0.026391959,0.026391959
XA,SP,380601510,EMEA,B410,Trade Orders,2020-10-01,1,0.026391959,0.026391959
XA,SP,380601510,EMEA,B410,Trade Orders,2020-12-01,3,0.026391959,0.079175876
XA,SP,380601510,EMEA,B410,Trade Orders,2021-05-01,1,0.026391959,0.026391959
XA,SP,380601510,EMEA,B410,Trade Orders,2021-06-01,1,0.026391959,0.026391959
XA,SP,380601510,EMEA,B410,Trade Orders,2021-12-01,1,0.026391959,0.026391959
XA,SP,380601510,EMEA,B410,Trade Orders,2022-04-01,1,0.026391959,0.026391959
XA,SP,380601510,EMEA,B410,Trade Orders,2022-06-01,3,0.026391959,0.079175876
XA,SP,380601510,EMEA,B410,Trade Orders,2022-08-01,1,0.026391959,0.026391959
XA,SP,380601510,EMEA,B410,Trade Orders,2022-11-01,3,0.026391959,0.079175876
XA,SP,380601510,EMEA,B410,Trade Orders,2023-03-01,1,0.026391959,0.026391959
XA,SP,380601510,EMEA,B410,Trade Orders,2023-06-01,1,0.026391959,0.026391959
XA,SP,380601510,EMEA,B410,Trade Orders,2023-07-01,1,0.026391959,0.026391959
XA,SP,380601510,EMEA,B410,Trade Orders,2023-08-01,2,0.026391959,0.052783918
XA,SP,380601510,EMEA,B410,Trade Orders,2023-11-01,1,0.026391959,0.026391959
XA,SP,380601510,EMEA,B410,Trade Orders,2023-12-01,1,0.026391959,0.026391959
XA,SP,380601510,EMEA,B410,Trade Orders,2024-01-01,2,0.026391959,0.052783918
XA,SP,380601510,EMEA,B410,Trade Orders,2024-04-01,1,0.026391959,0.026391959
XA,SP,380601510,EMEA,B410,Trade Orders,2024-07-01,1,0.026391959,0.026391959
XA,SP,380601510,EMEA,B410,Trade Orders,2024-11-01,1,0.026391959,0.026391959
XA,SP,380601510,EMEA,B410,Trade Orders,2025-06-01,1,0.026391959,0.026391959
XA,SP,380601510,EMEA,B410,Trade Orders,2025-09-01,1,0.026391959,0.026391959
XA,SP,380601510,EMEA,B410,Trade Orders,2025-12-01,1,0.026391959,0.026391959
XA,SP,380601510,EMEA,B410,Trade Orders,2026-01-01,1,0.026391959,0.026391959
XA,SP,380601510,EMEA,B410,Trade Orders,2026-03-01,1,0.026391959,0.026391959
XA,SP,380601510,GCFO,B410,Trade Orders,2022-06-01,2,0.030170207,0.060340414
XA,SP,380601510,GCFO,B410,Trade Orders,2022-11-01,1,0.030170207,0.030170207
XA,SP,380601510,GCFO,R805,ZGIO,2022-08-01,1,0.030170207,
XA,SP,380601510,GCFO,R811,Trade Orders,2020-10-01,1,0.030170207,0.030170207
XA,SP,380601510,GCFO,R811,Trade Orders,2020-11-01,3,0.030170207,0.09051062
XA,SP,380601510,GCFO,R811,Trade Orders,2021-05-01,1,0.030170207,0.030170207
XA,SP,380601510,GCFO,R811,Trade Orders,2021-07-01,1,0.030170207,0.030170207
XA,SP,380601510,GCFO,R811,Trade Orders,2021-08-01,1,0.030170207,0.030170207
XA,SP,380601510,GCFO,R811,Trade Orders,2022-03-01,1,0.030170207,0.030170207
XA,SP,380601510,GCFO,R811,Trade Orders,2022-08-01,1,0.030170207,0.030170207
XA,SP,380601510,GCFO,R811,Trade Orders,2022-11-01,1,0.030170207,0.030170207
XA,SP,380601510,GCFO,R811,Trade Orders,2023-02-01,1,0.030170207,0.030170207
XA,SP,380601510,GCFO,R811,Trade Orders,2024-10-01,1,0.030170207,0.030170207
XA,SP,380601510,GCFO,R811,Trade Orders,2025-02-01,1,0.030170207,0.030170207
XA,SP,380601510,GCFO,R811,Trade Orders,2025-07-01,2,0.030170207,0.060340414
XA,SP,380601510,GCFO,R811,Trade Orders,2025-09-01,1,0.030170207,0.030170207
XA,SP,380601510,GCFO,R811,Trade Orders,2025-11-01,1,0.030170207,0.030170207
XA,SP,380601510,GCFO,R811,Trade Orders,2026-03-01,1,0.030170207,0.030170207
XA,SP,380601510,GCFO,SG10,Trade Orders,2022-06-01,1,0.030170207,0.030170207
XA,SP,380601510S,AFO,2810,ZC1,2022-07-01,1,0.03057117,
XA,SP,380601510S,AFO,2810,ZC1,2023-08-01,1,0.03057117,
XA,SP,380601510S,AFO,2810,ZC1,2023-09-01,1,0.03057117,
XA,SP,380601510S,AFO,2810,ZC1,2024-02-01,1,0.03057117,
XA,SP,380601510S,AFO,2810,ZC1,2024-10-01,1,0.03057117,
XA,SP,380601510S,AFO,2810,ZC1,2025-03-01,1,0.03057117,
XA,SP,380601510S,AFO,2810,Trade Orders,2021-03-01,1,0.03057117,0.03057117
XA,SP,380601510S,AFO,2810,Trade Orders,2021-05-01,1,0.03057117,0.03057117
XA,SP,380601510S,AFO,2810,Trade Orders,2021-08-01,1,0.03057117,0.03057117
XA,SP,380601510S,AFO,2810,Trade Orders,2021-09-01,1,0.03057117,0.03057117
XA,SP,380601510S,AFO,2810,Trade Orders,2021-11-01,1,0.03057117,0.03057117
XA,SP,380601510S,AFO,2810,Trade Orders,2022-03-01,1,0.03057117,0.03057117
XA,SP,380601510S,AFO,2810,Trade Orders,2022-08-01,1,0.03057117,0.03057117
XA,SP,380601510S,AFO,2810,Trade Orders,2022-10-01,1,0.03057117,0.03057117
XA,SP,380601510S,AFO,2810,Trade Orders,2023-02-01,1,0.03057117,0.03057117
XA,SP,380601510S,AFO,2810,Trade Orders,2023-05-01,1,0.03057117,0.03057117
XA,SP,380601510S,AFO,2810,Trade Orders,2023-06-01,2,0.03057117,0.06114234
XA,SP,380601510S,AFO,2810,Trade Orders,2023-09-01,1,0.03057117,0.03057117
XA,SP,380601510S,AFO,2810,Trade Orders,2023-10-01,2,0.03057117,0.06114234
XA,SP,380601510S,AFO,2810,Trade Orders,2024-05-01,1,0.03057117,0.03057117
XA,SP,380601510S,AFO,2810,Trade Orders,2025-01-01,1,0.03057117,0.03057117
XA,SP,380601510S,AFO,2810,Trade Orders,2025-02-01,1,0.03057117,0.03057117
XA,SP,380601510S,AFO,2810,Trade Orders,2025-12-01,1,0.03057117,0.03057117
XA,SP,380601510S,AFO,2810,Trade Orders,2026-01-01,1,0.03057117,0.03057117
XA,SP,380601510S,APAC,SG10,ZGIO,2022-11-01,1,0.02499375,
XA,SP,380601510S,GCFO,SG10,Trade Orders,2020-11-01,2,0.030170207,0.060340414
XA,SP,380601510S,GCFO,SG10,Trade Orders,2021-04-01,1,0.030170207,0.030170207
XA,SP,380601510S,GCFO,SG10,Trade Orders,2021-10-01,2,0.030170207,0.060340414
XA,SP,380601510S,GCFO,SG10,Trade Orders,2022-05-01,2,0.030170207,0.060340414
XA,SP,380601510S,GCFO,SG10,Trade Orders,2022-09-01,1,0.030170207,0.030170207
XA,SP,380601510S,GCFO,SG10,Trade Orders,2023-02-01,1,0.030170207,0.030170207
XA,SP,380601510S,GCFO,SG10,Trade Orders,2023-09-01,1,0.030170207,0.030170207
XA,SP,380601510S,GCFO,SG10,Trade Orders,2023-11-01,1,0.030170207,0.030170207
XA,SP,380601510S,GCFO,SG10,Trade Orders,2024-02-01,1,0.030170207,0.030170207
XA,SP,380601510S,GCFO,SG10,Trade Orders,2024-03-01,1,0.030170207,0.030170207
XA,SP,380601510S,GCFO,SG10,Trade Orders,2024-06-01,1,0.030170207,0.030170207
XA,SP,380601510S,GCFO,SG10,Trade Orders,2025-02-01,1,0.030170207,0.030170207
XA,SP,380601510S,GCFO,SG10,Trade Orders,2026-02-01,1,0.030170207,0.030170207
XA,SP,5229057001,AFO,2810,ZC1,2021-02-01,1,0.03057117,
XA,SP,5229057001,AFO,2810,Trade Orders,2020-11-01,2,0.03057117,0.06114234
XA,SP,5229057001,AFO,2810,Trade Orders,2020-12-01,3,0.03057117,0.09171351
XA,SP,5229057001,AFO,2810,Trade Orders,2021-02-01,3,0.03057117,0.09171351
XA,SP,5229057001,AFO,2810,Trade Orders,2022-06-01,1,0.03057117,0.03057117
XA,SP,5229057001,APAC,AY10,Trade Orders,2021-03-01,1,0.02499375,0.02499375
XA,SP,5229057001,APAC,AY10,Trade Orders,2021-10-01,1,0.02499375,0.02499375
XA,SP,5229057001,APAC,AY10,Trade Orders,2022-08-01,2,0.02499375,0.0499875
XA,SP,5229057001,APAC,AY10,Trade Orders,2023-01-01,2,0.02499375,0.0499875
XA,SP,5229057001,APAC,AY10,Trade Orders,2023-07-01,1,0.02499375,0.02499375
XA,SP,5229057001,APAC,AY10,Trade Orders,2023-08-01,1,0.02499375,0.02499375
XA,SP,5229057001,APAC,AY10,Trade Orders,2023-09-01,1,0.02499375,0.02499375
XA,SP,5229057001,APAC,AY10,Trade Orders,2023-12-01,1,0.02499375,0.02499375
XA,SP,5229057001,APAC,AY10,Trade Orders,2025-11-01,1,0.02499375,0.02499375
XA,SP,5229057001,APAC,AY10,Trade Orders,2026-02-01,1,0.02499375,0.02499375
XA,SP,5229057001,APAC,B410,Trade Orders,2021-02-01,1,0.02499375,0.02499375
XA,SP,5229057001,APAC,B410,Trade Orders,2025-02-01,1,0.02499375,0.02499375
XA,SP,5229057001,APAC,SG10,Trade Orders,2021-07-01,1,0.02499375,0.02499375
XA,SP,5229057001,APAC,SG10,Trade Orders,2021-11-01,2,0.02499375,0.0499875
XA,SP,5229057001,APAC,SG10,Trade Orders,2022-01-01,1,0.02499375,0.02499375
XA,SP,5229057001,APAC,SG10,Trade Orders,2022-05-01,2,0.02499375,0.0499875
XA,SP,5229057001,APAC,SG10,Trade Orders,2022-07-01,2,0.02499375,0.0499875
XA,SP,5229057001,APAC,SG10,Trade Orders,2022-10-01,1,0.02499375,0.02499375
XA,SP,5229057001,APAC,SG10,Trade Orders,2023-05-01,1,0.02499375,0.02499375
XA,SP,5229057001,APAC,SG10,Trade Orders,2023-06-01,1,0.02499375,0.02499375
XA,SP,5229057001,APAC,SG10,Trade Orders,2023-10-01,1,0.02499375,0.02499375
XA,SP,5229057001,APAC,SG10,Trade Orders,2024-03-01,1,0.02499375,0.02499375
XA,SP,5229057001,APAC,SG10,Trade Orders,2024-05-01,1,0.02499375,0.02499375
XA,SP,5229057001,APAC,SG10,Trade Orders,2024-10-01,1,0.02499375,0.02499375
XA,SP,5229057001,APAC,SG10,Trade Orders,2024-11-01,1,0.02499375,0.02499375
XA,SP,5229057001,APAC,SG10,Trade Orders,2025-06-01,1,0.02499375,0.02499375
XA,SP,5229057001,APAC,SG10,Trade Orders,2025-10-01,1,0.02499375,0.02499375
XA,SP,5229057001,APAC,SG10,Trade Orders,2026-03-01,1,0.02499375,0.02499375
XA,SP,5229057001,EMEA,B410,ZC1,2022-10-01,1,0.026391959,
XA,SP,5229057001,EMEA,B410,ZC1,2025-03-01,1,0.026391959,
XA,SP,5229057001,EMEA,B410,Trade Orders,2020-09-01,1,0.026391959,0.026391959
XA,SP,5229057001,EMEA,B410,Trade Orders,2020-10-01,1,0.026391959,0.026391959
XA,SP,5229057001,EMEA,B410,Trade Orders,2020-12-01,3,0.026391959,0.079175876
XA,SP,5229057001,EMEA,B410,Trade Orders,2021-05-01,1,0.026391959,0.026391959
XA,SP,5229057001,EMEA,B410,Trade Orders,2021-06-01,1,0.026391959,0.026391959
XA,SP,5229057001,EMEA,B410,Trade Orders,2021-12-01,1,0.026391959,0.026391959
XA,SP,5229057001,EMEA,B410,Trade Orders,2022-04-01,1,0.026391959,0.026391959
XA,SP,5229057001,EMEA,B410,Trade Orders,2022-06-01,3,0.026391959,0.079175876
XA,SP,5229057001,EMEA,B410,Trade Orders,2022-08-01,1,0.026391959,0.026391959
XA,SP,5229057001,EMEA,B410,Trade Orders,2022-11-01,3,0.026391959,0.079175876
XA,SP,5229057001,EMEA,B410,Trade Orders,2023-03-01,1,0.026391959,0.026391959
XA,SP,5229057001,EMEA,B410,Trade Orders,2023-06-01,1,0.026391959,0.026391959
XA,SP,5229057001,EMEA,B410,Trade Orders,2023-07-01,1,0.026391959,0.026391959
XA,SP,5229057001,EMEA,B410,Trade Orders,2023-08-01,1,0.026391959,0.026391959
XA,SP,5229057001,EMEA,B410,Trade Orders,2023-11-01,1,0.026391959,0.026391959
XA,SP,5229057001,EMEA,B410,Trade Orders,2023-12-01,1,0.026391959,0.026391959
XA,SP,5229057001,EMEA,B410,Trade Orders,2024-01-01,2,0.026391959,0.052783918
XA,SP,5229057001,EMEA,B410,Trade Orders,2024-04-01,1,0.026391959,0.026391959
XA,SP,5229057001,EMEA,B410,Trade Orders,2024-07-01,1,0.026391959,0.026391959
XA,SP,5229057001,EMEA,B410,Trade Orders,2024-11-01,1,0.026391959,0.026391959
XA,SP,5229057001,EMEA,B410,Trade Orders,2025-06-01,1,0.026391959,0.026391959
XA,SP,5229057001,EMEA,B410,Trade Orders,2025-09-01,1,0.026391959,0.026391959
XA,SP,5229057001,EMEA,B410,Trade Orders,2025-12-01,1,0.026391959,0.026391959
XA,SP,5229057001,EMEA,B410,Trade Orders,2026-01-01,1,0.026391959,0.026391959
XA,SP,5229057001,EMEA,B410,Trade Orders,2026-03-01,1,0.026391959,0.026391959
XA,SP,5229057001,GCFO,B410,Trade Orders,2022-06-01,2,0.030170207,0.060340414
XA,SP,5229057001,GCFO,B410,Trade Orders,2022-11-01,1,0.030170207,0.030170207
XA,SP,5229057001,GCFO,R805,ZGIO,2022-08-01,1,0.030170207,
XA,SP,5229057001,GCFO,R811,Trade Orders,2020-10-01,1,0.030170207,0.030170207
XA,SP,5229057001,GCFO,R811,Trade Orders,2020-11-01,3,0.030170207,0.09051062
XA,SP,5229057001,GCFO,R811,Trade Orders,2021-05-01,1,0.030170207,0.030170207
XA,SP,5229057001,GCFO,R811,Trade Orders,2021-07-01,1,0.030170207,0.030170207
XA,SP,5229057001,GCFO,R811,Trade Orders,2021-08-01,1,0.030170207,0.030170207
XA,SP,5229057001,GCFO,R811,Trade Orders,2022-03-01,1,0.030170207,0.030170207
XA,SP,5229057001,GCFO,R811,Trade Orders,2022-08-01,1,0.030170207,0.030170207
XA,SP,5229057001,GCFO,R811,Trade Orders,2022-11-01,1,0.030170207,0.030170207
XA,SP,5229057001,GCFO,R811,Trade Orders,2023-02-01,1,0.030170207,0.030170207
XA,SP,5229057001,GCFO,R811,Trade Orders,2024-10-01,1,0.030170207,0.030170207
XA,SP,5229057001,GCFO,R811,Trade Orders,2025-02-01,1,0.030170207,0.030170207
XA,SP,5229057001,GCFO,R811,Trade Orders,2025-07-01,2,0.030170207,0.060340414
XA,SP,5229057001,GCFO,R811,Trade Orders,2025-09-01,1,0.030170207,0.030170207
XA,SP,5229057001,GCFO,R811,Trade Orders,2025-11-01,1,0.030170207,0.030170207
XA,SP,5229057001,GCFO,R811,Trade Orders,2026-03-01,1,0.030170207,0.030170207
XA,SP,5229057001,GCFO,SG10,Trade Orders,2022-06-01,1,0.030170207,0.030170207
XA,SP,5229057001S,AFO,2810,ZC1,2022-07-01,1,0.03057117,
XA,SP,5229057001S,AFO,2810,ZC1,2023-08-01,1,0.03057117,
XA,SP,5229057001S,AFO,2810,ZC1,2023-09-01,1,0.03057117,
XA,SP,5229057001S,AFO,2810,ZC1,2024-02-01,1,0.03057117,
XA,SP,5229057001S,AFO,2810,ZC1,2024-10-01,1,0.03057117,
XA,SP,5229057001S,AFO,2810,ZC1,2025-03-01,1,0.03057117,
XA,SP,5229057001S,AFO,2810,ZSD1,2023-08-01,1,0.03057117,
XA,SP,5229057001S,AFO,2810,Trade Orders,2021-03-01,1,0.03057117,0.03057117
XA,SP,5229057001S,AFO,2810,Trade Orders,2021-05-01,1,0.03057117,0.03057117
XA,SP,5229057001S,AFO,2810,Trade Orders,2021-08-01,1,0.03057117,0.03057117
XA,SP,5229057001S,AFO,2810,Trade Orders,2021-09-01,1,0.03057117,0.03057117
XA,SP,5229057001S,AFO,2810,Trade Orders,2021-11-01,1,0.03057117,0.03057117
XA,SP,5229057001S,AFO,2810,Trade Orders,2022-03-01,1,0.03057117,0.03057117
XA,SP,5229057001S,AFO,2810,Trade Orders,2022-08-01,1,0.03057117,0.03057117
XA,SP,5229057001S,AFO,2810,Trade Orders,2022-10-01,1,0.03057117,0.03057117
XA,SP,5229057001S,AFO,2810,Trade Orders,2023-02-01,1,0.03057117,0.03057117
XA,SP,5229057001S,AFO,2810,Trade Orders,2023-05-01,1,0.03057117,0.03057117
XA,SP,5229057001S,AFO,2810,Trade Orders,2023-06-01,2,0.03057117,0.06114234
XA,SP,5229057001S,AFO,2810,Trade Orders,2023-09-01,1,0.03057117,0.03057117
XA,SP,5229057001S,AFO,2810,Trade Orders,2023-10-01,2,0.03057117,0.06114234
XA,SP,5229057001S,AFO,2810,Trade Orders,2024-05-01,1,0.03057117,0.03057117
XA,SP,5229057001S,AFO,2810,Trade Orders,2025-01-01,1,0.03057117,0.03057117
XA,SP,5229057001S,AFO,2810,Trade Orders,2025-02-01,1,0.03057117,0.03057117
XA,SP,5229057001S,AFO,2810,Trade Orders,2025-12-01,1,0.03057117,0.03057117
XA,SP,5229057001S,AFO,2810,Trade Orders,2026-01-01,1,0.03057117,0.03057117
XA,SP,5229057001S,APAC,SG10,ZGIO,2022-11-01,1,0.02499375,
XA,SP,5229057001S,GCFO,SG10,Trade Orders,2020-11-01,2,0.030170207,0.060340414
XA,SP,5229057001S,GCFO,SG10,Trade Orders,2021-04-01,1,0.030170207,0.030170207
XA,SP,5229057001S,GCFO,SG10,Trade Orders,2021-10-01,2,0.030170207,0.060340414
XA,SP,5229057001S,GCFO,SG10,Trade Orders,2022-05-01,2,0.030170207,0.060340414
XA,SP,5229057001S,GCFO,SG10,Trade Orders,2022-09-01,1,0.030170207,0.030170207
XA,SP,5229057001S,GCFO,SG10,Trade Orders,2023-02-01,1,0.030170207,0.030170207
XA,SP,5229057001S,GCFO,SG10,Trade Orders,2023-09-01,1,0.030170207,0.030170207
XA,SP,5229057001S,GCFO,SG10,Trade Orders,2023-11-01,1,0.030170207,0.030170207
XA,SP,5229057001S,GCFO,SG10,Trade Orders,2024-02-01,1,0.030170207,0.030170207
XA,SP,5229057001S,GCFO,SG10,Trade Orders,2024-03-01,1,0.030170207,0.030170207
XA,SP,5229057001S,GCFO,SG10,Trade Orders,2024-06-01,1,0.030170207,0.030170207
XA,SP,5229057001S,GCFO,SG10,Trade Orders,2025-02-01,1,0.030170207,0.030170207
XA,SP,5229057001S,GCFO,SG10,Trade Orders,2026-02-01,1,0.030170207,0.030170207
XA,ePacer,380601520,AFO,2810,ZC1,2023-08-01,1,0.067890525,
XA,ePacer,380601520,AFO,2810,ZC1,2024-07-01,1,0.067890525,
XA,ePacer,380601520,AFO,2810,Trade Orders,2020-10-01,2,0.067890525,0.13578105
XA,ePacer,380601520,AFO,2810,Trade Orders,2021-05-01,1,0.067890525,0.067890525
XA,ePacer,380601520,AFO,2810,Trade Orders,2021-07-01,1,0.067890525,0.067890525
XA,ePacer,380601520,AFO,2810,Trade Orders,2022-10-01,1,0.067890525,0.067890525
XA,ePacer,380601520,AFO,2810,Trade Orders,2022-12-01,1,0.067890525,0.067890525
XA,ePacer,380601520,AFO,2810,Trade Orders,2023-11-01,1,0.067890525,0.067890525
XA,ePacer,380601520,AFO,2810,Trade Orders,2024-04-01,1,0.067890525,0.067890525
XA,ePacer,380601520,AFO,2810,Trade Orders,2025-12-01,1,0.067890525,0.067890525
XA,ePacer,380601520,APAC,SG10,ZGIO,2024-09-01,1,0.067890525,
XA,ePacer,380601520,EMEA,B410,Trade Orders,2021-11-01,1,0.067890525,0.067890525
XA,ePacer,380601520,GCFO,R811,Trade Orders,2020-11-01,1,0.067890525,0.067890525
XA,ePacer,380601530,AFO,2810,ZC1,2024-07-01,1,0.067890525,
XA,ePacer,380601530,AFO,2810,Trade Orders,2020-10-01,1,0.067890525,0.067890525
XA,ePacer,380601530,AFO,2810,Trade Orders,2021-05-01,1,0.067890525,0.067890525
XA,ePacer,380601530,AFO,2810,Trade Orders,2022-10-01,1,0.067890525,0.067890525
XA,ePacer,380601530,AFO,2810,Trade Orders,2022-12-01,1,0.067890525,0.067890525
XA,ePacer,380601530,GCFO,R811,Trade Orders,2020-11-01,1,0.067890525,0.067890525
XA,ePacer,380601540,AFO,2810,Trade Orders,2021-07-01,1,0.067890525,0.067890525
XA,ePacer,380601540,EMEA,B410,Trade Orders,2021-11-01,1,0.067890525,0.067890525
XA,ePacer,380601550,AFO,2810,ZC1,2023-08-01,1,0.067890525,
XA,ePacer,380601550,AFO,2810,Trade Orders,2023-11-01,1,0.067890525,0.067890525
XA,ePacer,380601550,AFO,2810,Trade Orders,2024-04-01,1,0.067890525,0.067890525
XA,ePacer,380601550,AFO,2810,Trade Orders,2025-12-01,1,0.067890525,0.067890525
XA,ePacer,380601550,APAC,SG10,ZGIO,2024-09-01,1,0.067890525,
XA,ePacer,380601560B,AFO,2810,Trade Orders,2020-10-01,1,0.067890525,0.067890525
XA,eSight,380601480,AFO,2810,ZC1,2021-03-01,1,0.152470922,
XA,eSight,380601480,AFO,2810,ZC1,2022-01-01,1,0.152470922,
XA,eSight,380601480,AFO,2810,ZC1,2022-05-01,2,0.152470922,
XA,eSight,380601480,AFO,2810,ZC1,2022-07-01,2,0.152470922,
XA,eSight,380601480,AFO,2810,ZC1,2022-08-01,1,0.152470922,
XA,eSight,380601480,AFO,2810,ZC1,2022-09-01,1,0.152470922,
XA,eSight,380601480,AFO,2810,ZC1,2023-02-01,1,0.152470922,
XA,eSight,380601480,AFO,2810,ZC1,2023-04-01,1,0.152470922,
XA,eSight,380601480,AFO,2810,ZC1,2023-05-01,1,0.152470922,
XA,eSight,380601480,AFO,2810,ZC1,2023-06-01,1,0.152470922,
XA,eSight,380601480,AFO,2810,ZC1,2023-08-01,2,0.152470922,
XA,eSight,380601480,AFO,2810,ZC1,2023-11-01,2,0.152470922,
XA,eSight,380601480,AFO,2810,ZC1,2023-12-01,1,0.152470922,
XA,eSight,380601480,AFO,2810,ZC1,2024-01-01,2,0.152470922,
XA,eSight,380601480,AFO,2810,ZC1,2024-02-01,3,0.152470922,
XA,eSight,380601480,AFO,2810,ZC1,2024-04-01,2,0.152470922,
XA,eSight,380601480,AFO,2810,ZSD1,2024-06-01,1,0.152470922,
XA,eSight,380601480,AFO,2810,Trade Orders,2020-09-01,1,0.152470922,0.152470922
XA,eSight,380601480,AFO,2810,Trade Orders,2020-11-01,5,0.152470922,0.762354612
XA,eSight,380601480,AFO,2810,Trade Orders,2021-02-01,2,0.152470922,0.304941845
XA,eSight,380601480,AFO,2810,Trade Orders,2021-04-01,3,0.152470922,0.457412767
XA,eSight,380601480,AFO,2810,Trade Orders,2021-05-01,2,0.152470922,0.304941845
XA,eSight,380601480,AFO,2810,Trade Orders,2021-06-01,2,0.152470922,0.304941845
XA,eSight,380601480,AFO,2810,Trade Orders,2021-07-01,3,0.152470922,0.457412767
XA,eSight,380601480,AFO,2810,Trade Orders,2021-08-01,3,0.152470922,0.457412767
XA,eSight,380601480,AFO,2810,Trade Orders,2021-09-01,1,0.152470922,0.152470922
XA,eSight,380601480,AFO,2810,Trade Orders,2021-10-01,1,0.152470922,0.152470922
XA,eSight,380601480,AFO,2810,Trade Orders,2022-01-01,2,0.152470922,0.304941845
XA,eSight,380601480,AFO,2810,Trade Orders,2022-04-01,2,0.152470922,0.304941845
XA,eSight,380601480,AFO,2810,Trade Orders,2022-05-01,2,0.152470922,0.304941845
XA,eSight,380601480,AFO,2810,Trade Orders,2022-07-01,3,0.152470922,0.457412767
XA,eSight,380601480,AFO,2810,Trade Orders,2022-08-01,2,0.152470922,0.304941845
XA,eSight,380601480,AFO,2810,Trade Orders,2022-11-01,8,0.152470922,1.219767379
XA,eSight,380601480,AFO,2810,Trade Orders,2023-01-01,4,0.152470922,0.609883689
XA,eSight,380601480,AFO,2810,Trade Orders,2023-02-01,1,0.152470922,0.152470922
XA,eSight,380601480,AFO,2810,Trade Orders,2023-04-01,4,0.152470922,0.609883689
XA,eSight,380601480,AFO,2810,Trade Orders,2023-06-01,1,0.152470922,0.152470922
XA,eSight,380601480,AFO,2810,Trade Orders,2023-08-01,2,0.152470922,0.304941845
XA,eSight,380601480,AFO,2810,Trade Orders,2023-09-01,3,0.152470922,0.457412767
XA,eSight,380601480,AFO,2810,Trade Orders,2023-10-01,2,0.152470922,0.304941845
XA,eSight,380601480,AFO,2810,Trade Orders,2023-11-01,1,0.152470922,0.152470922
XA,eSight,380601480,AFO,2810,Trade Orders,2023-12-01,1,0.152470922,0.152470922
XA,eSight,380601480,AFO,2810,Trade Orders,2024-01-01,1,0.152470922,0.152470922
XA,eSight,380601480,AFO,2810,Trade Orders,2024-02-01,2,0.152470922,0.304941845
XA,eSight,380601480,AFO,2810,Trade Orders,2024-03-01,3,0.152470922,0.457412767
XA,eSight,380601480,AFO,2810,Trade Orders,2024-04-01,2,0.152470922,0.304941845
XA,eSight,380601480,AFO,2810,Trade Orders,2024-05-01,1,0.152470922,0.152470922
XA,eSight,380601480,AFO,2810,Trade Orders,2024-06-01,1,0.152470922,0.152470922
XA,eSight,380601480,AFO,2810,Trade Orders,2024-07-01,3,0.152470922,0.457412767
XA,eSight,380601480,AFO,2810,Trade Orders,2025-01-01,1,0.152470922,0.152470922
XA,eSight,380601480,AFO,2810,Trade Orders,2025-03-01,1,0.152470922,0.152470922
XA,eSight,380601480,AFO,2810,Trade Orders,2025-05-01,1,0.152470922,0.152470922
XA,eSight,380601480,AFO,2810,Trade Orders,2025-08-01,3,0.152470922,0.457412767
XA,eSight,380601480,AFO,2810,Trade Orders,2025-10-01,1,0.152470922,0.152470922
XA,eSight,380601480,AFO,2810,Trade Orders,2026-01-01,2,0.152470922,0.304941845
XA,eSight,380601480,APAC,SG10,ZC1,2021-06-01,1,0.135099361,
XA,eSight,380601480,APAC,SG10,ZC1,2021-11-01,1,0.135099361,
XA,eSight,380601480,APAC,SG10,ZC1,2022-04-01,1,0.135099361,
XA,eSight,380601480,APAC,SG10,ZC1,2022-05-01,2,0.135099361,
XA,eSight,380601480,APAC,SG10,ZC1,2023-04-01,1,0.135099361,
XA,eSight,380601480,APAC,SG10,ZC1,2023-05-01,1,0.135099361,
XA,eSight,380601480,APAC,SG10,ZGIO,2022-11-01,1,0.135099361,
XA,eSight,380601480,APAC,SG10,Trade Orders,2021-04-01,1,0.135099361,0.135099361
XA,eSight,380601480,APAC,SG10,Trade Orders,2022-07-01,1,0.135099361,0.135099361
XA,eSight,380601480,APAC,SG10,Trade Orders,2023-01-01,2,0.135099361,0.270198723
XA,eSight,380601480,APAC,SG10,Trade Orders,2023-02-01,1,0.135099361,0.135099361
XA,eSight,380601480,APAC,SG10,Trade Orders,2024-11-01,2,0.135099361,0.270198723
XA,eSight,380601480,EMEA,B410,ZC1,2021-01-01,1,0.140416007,
XA,eSight,380601480,EMEA,B410,ZC1,2021-09-01,1,0.140416007,
XA,eSight,380601480,EMEA,B410,ZC1,2022-10-01,1,0.140416007,
XA,eSight,380601480,EMEA,B410,ZC1,2023-01-01,2,0.140416007,
XA,eSight,380601480,EMEA,B410,ZC1,2024-03-01,1,0.140416007,
XA,eSight,380601480,EMEA,B410,ZGIO,2021-08-01,2,0.140416007,
XA,eSight,380601480,EMEA,B410,ZSD1,2024-10-01,1,0.140416007,
XA,eSight,380601480,EMEA,B410,Trade Orders,2020-10-01,1,0.140416007,0.140416007
XA,eSight,380601480,EMEA,B410,Trade Orders,2021-03-01,1,0.140416007,0.140416007
XA,eSight,380601480,EMEA,B410,Trade Orders,2021-09-01,1,0.140416007,0.140416007
XA,eSight,380601480,EMEA,B410,Trade Orders,2021-11-01,1,0.140416007,0.140416007
XA,eSight,380601480,EMEA,B410,Trade Orders,2021-12-01,2,0.140416007,0.280832013
XA,eSight,380601480,EMEA,B410,Trade Orders,2022-04-01,1,0.140416007,0.140416007
XA,eSight,380601480,EMEA,B410,Trade Orders,2022-05-01,1,0.140416007,0.140416007
XA,eSight,380601480,EMEA,B410,Trade Orders,2022-08-01,1,0.140416007,0.140416007
XA,eSight,380601480,EMEA,B410,Trade Orders,2022-10-01,1,0.140416007,0.140416007
XA,eSight,380601480,EMEA,B410,Trade Orders,2022-11-01,1,0.140416007,0.140416007
XA,eSight,380601480,EMEA,B410,Trade Orders,2022-12-01,1,0.140416007,0.140416007
XA,eSight,380601480,EMEA,B410,Trade Orders,2023-01-01,1,0.140416007,0.140416007
XA,eSight,380601480,EMEA,B410,Trade Orders,2023-02-01,2,0.140416007,0.280832013
XA,eSight,380601480,EMEA,B410,Trade Orders,2023-04-01,1,0.140416007,0.140416007
XA,eSight,380601480,EMEA,B410,Trade Orders,2023-05-01,1,0.140416007,0.140416007
XA,eSight,380601480,EMEA,B410,Trade Orders,2023-10-01,1,0.140416007,0.140416007
XA,eSight,380601480,EMEA,B410,Trade Orders,2023-11-01,2,0.140416007,0.280832013
XA,eSight,380601480,EMEA,B410,Trade Orders,2024-01-01,2,0.140416007,0.280832013
XA,eSight,380601480,EMEA,B410,Trade Orders,2024-02-01,2,0.140416007,0.280832013
XA,eSight,380601480,EMEA,B410,Trade Orders,2024-03-01,1,0.140416007,0.140416007
XA,eSight,380601480,EMEA,B410,Trade Orders,2024-04-01,2,0.140416007,0.280832013
XA,eSight,380601480,EMEA,B410,Trade Orders,2024-07-01,2,0.140416007,0.280832013
XA,eSight,380601480,EMEA,B410,Trade Orders,2024-08-01,1,0.140416007,0.140416007
XA,eSight,380601480,EMEA,B410,Trade Orders,2024-09-01,1,0.140416007,0.140416007
XA,eSight,380601480,EMEA,B410,Trade Orders,2024-11-01,1,0.140416007,0.140416007
XA,eSight,380601480,EMEA,B410,Trade Orders,2025-09-01,1,0.140416007,0.140416007
XA,eSight,380601480,EMEA,B410,Trade Orders,2025-10-01,2,0.140416007,0.280832013
XA,eSight,380601480,GCFO,R811,Trade Orders,2022-09-01,2,0.12380329,0.24760658
XA,eSight,380601480,GCFO,R811,Trade Orders,2022-10-01,2,0.12380329,0.24760658
XA,eSight,380601480,GCFO,R811,Trade Orders,2022-12-01,1,0.12380329,0.12380329
XA,eSight,380601480,GCFO,R811,Trade Orders,2023-07-01,1,0.12380329,0.12380329
XA,eSight,380601480,GCFO,R811,Trade Orders,2023-11-01,1,0.12380329,0.12380329
XA,eSight,380601480S,AFO,2810,ZC1,2024-11-01,3,0.152470922,
XA,eSight,380601480S,AFO,2810,ZC1,2024-12-01,1,0.152470922,
XA,eSight,380601480S,AFO,2810,ZC1,2025-02-01,1,0.152470922,
XA,eSight,380601480S,AFO,2810,ZC1,2025-06-01,1,0.152470922,
XA,eSight,380601480S,AFO,2810,ZC1,2025-08-01,1,0.152470922,
XA,eSight,380601480S,AFO,2810,ZC1,2025-09-01,1,0.152470922,
XA,eSight,380601480S,AFO,2810,ZC1,2026-01-01,2,0.152470922,
XA,eSight,380601480S,AFO,2810,ZC1,2026-02-01,3,0.152470922,
XA,eSight,380601480S,AFO,2810,ZC1,2026-04-01,1,0.152470922,
XA,eSight,380601480S,AFO,2810,ZGIO,2025-07-01,1,0.152470922,
XA,eSight,380601480S,AFO,2810,ZSD1,2025-01-01,1,0.152470922,
XA,eSight,380601480S,AFO,2810,ZSD2,2025-04-01,1,0.152470922,
XA,eSight,380601480S,AFO,2810,Trade Orders,2024-06-01,1,0.152470922,0.152470922
XA,eSight,380601480S,AFO,2810,Trade Orders,2024-08-01,1,0.152470922,0.152470922
XA,eSight,380601480S,AFO,2810,Trade Orders,2024-09-01,2,0.152470922,0.304941845
XA,eSight,380601480S,AFO,2810,Trade Orders,2024-10-01,1,0.152470922,0.152470922
XA,eSight,380601480S,AFO,2810,Trade Orders,2024-12-01,1,0.152470922,0.152470922
XA,eSight,380601480S,AFO,2810,Trade Orders,2025-01-01,3,0.152470922,0.457412767
XA,eSight,380601480S,AFO,2810,Trade Orders,2025-02-01,-200,0.152470922,0.152470922
XA,eSight,380601480S,AFO,2810,Trade Orders,2025-03-01,1,0.152470922,0.152470922
XA,eSight,380601480S,AFO,2810,Trade Orders,2025-04-01,2,0.152470922,0.304941845
XA,eSight,380601480S,AFO,2810,Trade Orders,2025-05-01,1,0.152470922,0.152470922
XA,eSight,380601480S,AFO,2810,Trade Orders,2025-06-01,2,0.152470922,0.304941845
XA,eSight,380601480S,AFO,2810,Trade Orders,2025-07-01,1,0.152470922,0.152470922
XA,eSight,380601480S,AFO,2810,Trade Orders,2025-10-01,2,0.152470922,0.304941845
XA,eSight,380601480S,AFO,2810,Trade Orders,2026-01-01,2,0.152470922,0.304941845
XA,eSight,380601480S,AFO,2810,Trade Orders,2026-02-01,2,0.152470922,0.304941845
XA,eSight,380601480S,AFO,2810,Trade Orders,2026-03-01,1,0.152470922,0.152470922
XA,eSight,380601480S,AFO,SG10,ZC1,2026-03-01,1,0.152470922,
XA,eSight,380601480S,AFO,SG10,Trade Orders,2025-09-01,1,0.152470922,0.152470922
XA,eSight,380601480S,GCFO,SG10,Trade Orders,2024-10-01,1,0.12380329,0.12380329
XA,eSight,380601480S,GCFO,SG10,Trade Orders,2025-09-01,1,0.12380329,0.12380329
XA,eSight,380601480S,GCFO,SG10,Trade Orders,2025-12-01,1,0.12380329,0.12380329
XA,eSight,S2807-64020,GCFO,R811,Trade Orders,2025-12-01,1,0.12380329,0.12380329
XA,eSight,S2807-64021,GCFO,R811,Trade Orders,2024-10-01,1,0.12380329,0.12380329
XA,eSight,S2807-64023,GCFO,R811,Trade Orders,2025-01-01,2,0.12380329,0.24760658
XA,eSight,S2807-64023,GCFO,R811,Trade Orders,2026-04-01,1,0.12380329,0.12380329
